https://www.browneyedbaker.com/monkey-bread-recipe/,bread
https://www.browneyedbaker.com/classic-pound-cake-recipe/,cake
https://www.browneyedbaker.com/cowboy-cookies/,cookie
https://www.browneyedbaker.com/vanilla-cupcakes-vanilla-buttercream-frosting/,cupcake
https://www.browneyedbaker.com/monkey-bread-recipe/,bread
https://www.browneyedbaker.com/cake-mix-coffee-cake/,cake
https://www.browneyedbaker.com/cowboy-cookies/,cookie
https://www.browneyedbaker.com/vanilla-cupcakes-vanilla-buttercream-frosting/,cupcake
https://www.browneyedbaker.com/monkey-bread-recipe/,bread
https://www.browneyedbaker.com/cake-mix-coffee-cake/,cake
https://www.browneyedbaker.com/cowboy-cookies/,cookie
https://www.browneyedbaker.com/vanilla-cupcakes-vanilla-buttercream-frosting/,cupcake
https://www.browneyedbaker.com/monkey-bread-recipe/,bread
https://www.browneyedbaker.com/cake-mix-coffee-cake/,cake
https://www.browneyedbaker.com/cowboy-cookies/,cookie
https://www.browneyedbaker.com/vanilla-cupcakes-vanilla-buttercream-frosting/,cupcake
https://www.browneyedbaker.com/monkey-bread-recipe/,bread
https://www.browneyedbaker.com/cake-mix-coffee-cake/,cake
https://www.browneyedbaker.com/cowboy-cookies/,cookie
https://www.browneyedbaker.com/vanilla-cupcakes-vanilla-buttercream-frosting/,cupcake
https://www.browneyedbaker.com/monkey-bread-recipe/,bread
https://www.browneyedbaker.com/cake-mix-coffee-cake/,cake
https://www.browneyedbaker.com/cowboy-cookies/,cookie
https://www.browneyedbaker.com/vanilla-cupcakes-vanilla-buttercream-frosting/,cupcake
https://www.browneyedbaker.com/monkey-bread-recipe/,bread
https://www.browneyedbaker.com/cake-mix-coffee-cake/,cake
https://www.browneyedbaker.com/cowboy-cookies/,cookie
https://www.browneyedbaker.com/vanilla-cupcakes-vanilla-buttercream-frosting/,cupcake
https://www.browneyedbaker.com/monkey-bread-recipe/,bread
https://www.browneyedbaker.com/soft-pretzels/,bread
https://www.browneyedbaker.com/cheesy-pull-apart-bread/,bread
https://www.browneyedbaker.com/popovers-recipe/,bread
https://www.browneyedbaker.com/cornbread-muffins/,bread
https://www.browneyedbaker.com/peanut-butter-banana-bread-recipe-chocolate-chips/,bread
https://www.browneyedbaker.com/paska-bread-ukrainian-or-polish-easter-bread/,bread
https://www.browneyedbaker.com/focaccia-bread-recipe/,bread
https://www.browneyedbaker.com/brown-bread-irish-soda-bread-recipe/,bread
https://www.browneyedbaker.com/english-muffin-bread-recipe/,bread
https://www.browneyedbaker.com/irish-soda-bread-happy-st-patricks-day/,bread
https://www.browneyedbaker.com/bagels/,bread
https://www.browneyedbaker.com/pumpkin-bread-recipe/,bread
https://www.browneyedbaker.com/homemade-pita-bread/,bread
https://www.browneyedbaker.com/zucchini-bread/,bread
https://www.browneyedbaker.com/hot-cross-buns-recipe/,bread
https://www.browneyedbaker.com/banana-nut-bread/,bread
https://www.browneyedbaker.com/italian-bread/,bread
https://www.browneyedbaker.com/chocolate-babka/,bread
https://www.browneyedbaker.com/pumpkin-bread-chocolate-chips/,bread
https://www.browneyedbaker.com/best-banana-bread-recipe/,bread
https://www.browneyedbaker.com/cornbread/,bread
https://www.browneyedbaker.com/milk-bread-recipe/,bread
https://www.browneyedbaker.com/cinnamon-sugar-pull-apart-bread/,bread
https://www.browneyedbaker.com/italian-easter-bread-recipe/,bread
https://www.browneyedbaker.com/no-knead-bread/,bread
https://www.browneyedbaker.com/apple-cranberry-bread/,bread
https://www.browneyedbaker.com/rustic-italian-bread/,bread
https://www.browneyedbaker.com/spicy-cheese-bread/,bread
https://www.browneyedbaker.com/copycat-pizza-hut-breadsticks/,bread
https://www.browneyedbaker.com/white-bread-recipe/,bread
https://www.browneyedbaker.com/pull-apart-garlic-rolls/,bread
https://www.browneyedbaker.com/homemade-crescent-rolls/,bread
https://www.browneyedbaker.com/chocolate-chip-walnut-banana-bread/,bread
https://www.browneyedbaker.com/pepperoni-pizza-monkey-bread/,bread
https://www.browneyedbaker.com/top-10-best-yeast-bread-recipes/,bread
https://www.browneyedbaker.com/cheesy-homemade-garlic-bread/,bread
https://www.browneyedbaker.com/diy-homemade-flour-tortillas/,bread
https://www.browneyedbaker.com/cranberry-orange-bread/,bread
https://www.browneyedbaker.com/morning-buns-recipe/,bread
https://www.browneyedbaker.com/zucchini-bread-recipe-with-walnuts-and-dried-cranberries/,bread
https://www.browneyedbaker.com/whole-wheat-sandwich-bread-recipe/,bread
https://www.browneyedbaker.com/soft-pretzel-nuggets-with-spicy-cheese-dipping-sauce/,bread
https://www.browneyedbaker.com/pepperoni-bread-rolls/,bread
https://www.browneyedbaker.com/greek-easter-bread-recipe-tsoureki/,bread
https://www.browneyedbaker.com/ciabatta-bread/,bread
https://www.browneyedbaker.com/rye-soda-bread/,bread
https://www.browneyedbaker.com/panettone-recipe/,bread
https://www.browneyedbaker.com/skillet-cornbread-recipe/,bread
https://www.browneyedbaker.com/cinnamon-babka-recipe/,bread
https://www.browneyedbaker.com/zucchini-banana-bread-recipe/,bread
https://www.browneyedbaker.com/apricot-cream-cheese-babka/,bread
https://www.browneyedbaker.com/honey-beer-bread-recipe/,bread
https://www.browneyedbaker.com/jewish-rye-bread-recipe/,bread
https://www.browneyedbaker.com/rye-sourdough-starter-recipe/,bread
https://www.browneyedbaker.com/cloverleaf-dinner-rolls/,bread
https://www.browneyedbaker.com/chocolate-zucchini-bread-recipe/,bread
https://www.browneyedbaker.com/hamburger-buns-recipe/,bread
https://www.browneyedbaker.com/jalapeno-cheddar-bagels-recipe/,bread
https://www.browneyedbaker.com/bacon-and-cheese-easter-bread/,bread
https://www.browneyedbaker.com/irish-beer-and-cheese-bread-recipe/,bread
https://www.browneyedbaker.com/irish-whiskey-soda-bread-with-irish-whiskey-butter/,bread
https://www.browneyedbaker.com/everything-bagels/,bread
https://www.browneyedbaker.com/zucchini-pineapple-bread-recipe/,bread
https://www.browneyedbaker.com/blueberry-bagels/,bread
https://www.browneyedbaker.com/apple-cinnamon-bread-recipe/,bread
https://www.browneyedbaker.com/cranberry-walnut-rolls/,bread
https://www.browneyedbaker.com/cheese-olive-and-ham-bread/,bread
https://www.browneyedbaker.com/garlic-knots-recipe/,bread
https://www.browneyedbaker.com/honey-oatmeal-sandwich-bread/,bread
https://www.browneyedbaker.com/cinnamon-raisin-walnut-bread/,bread
https://www.browneyedbaker.com/asiago-bagels/,bread
https://www.browneyedbaker.com/english-muffins/,bread
https://www.browneyedbaker.com/date-nut-spice-bread/,bread
https://www.browneyedbaker.com/soft-cheese-and-pepperoni-bread/,bread
https://www.browneyedbaker.com/egg-bagels/,bread
https://www.browneyedbaker.com/potato-rosemary-bread/,bread
https://www.browneyedbaker.com/bananas-foster-banana-bread/,bread
https://www.browneyedbaker.com/bba-cinnamon-raisin-bagels/,bread
https://www.browneyedbaker.com/bba-greek-celebration-bread-christopsomos/,bread
https://www.browneyedbaker.com/anadama-bread/,bread
https://www.browneyedbaker.com/three-cheese-beer-bread/,bread
https://www.browneyedbaker.com/world-bread-day-challah/,bread
https://www.browneyedbaker.com/american-sandwich-bread/,bread
https://www.browneyedbaker.com/barefoot-bloggers-jalapeno-cheddar-cornbread/,bread
https://www.browneyedbaker.com/royal-crowns-tortano-aka-bread/,bread
https://www.browneyedbaker.com/sweet-dinner-rolls/,bread
https://www.browneyedbaker.com/cake-mix-coffee-cake/,cake
https://www.browneyedbaker.com/classic-pound-cake-recipe/,cake
https://www.browneyedbaker.com/pumpkin-bars-with-cream-cheese-frosting/,cake
https://www.browneyedbaker.com/french-apple-cake/,cake
https://www.browneyedbaker.com/homemade-rum-cake-recipe/,cake
https://www.browneyedbaker.com/tiramisu/,cake
https://www.browneyedbaker.com/flourless-chocolate-cake/,cake
https://www.browneyedbaker.com/best-chocolate-cake-recipe/,cake
https://www.browneyedbaker.com/tres-leches-cake-recipe/,cake
https://www.browneyedbaker.com/angel-food-cake/,cake
https://www.browneyedbaker.com/cake-pops/,cake
https://www.browneyedbaker.com/guinness-chocolate-cake-with-baileys-irish-cream-cheese-frosting/,cake
https://www.browneyedbaker.com/red-velvet-cheesecake-recipe/,cake
https://www.browneyedbaker.com/carrot-cake-recipe/,cake
https://www.browneyedbaker.com/cream-cheese-pound-cake/,cake
https://www.browneyedbaker.com/yule-log-buche-de-noel-with-espresso-mascarpone-filling-and-ganache-icing/,cake
https://www.browneyedbaker.com/cookies-and-cream-oreo-cake/,cake
https://www.browneyedbaker.com/new-york-style-crumb-cake/,cake
https://www.browneyedbaker.com/zebra-cake/,cake
https://www.browneyedbaker.com/kentucky-bourbon-butter-cake/,cake
https://www.browneyedbaker.com/texas-sheet-cake-recipe/,cake
https://www.browneyedbaker.com/strawberry-shortcake-recipe/,cake
https://www.browneyedbaker.com/fallen-chocolate-cakes/,cake
https://www.browneyedbaker.com/coca-cola-chocolate-cake/,cake
https://www.browneyedbaker.com/hummingbird-cake-recipe/,cake
https://www.browneyedbaker.com/chocolate-chip-cookie-cake/,cake
https://www.browneyedbaker.com/pumpkin-roll-recipe/,cake
https://www.browneyedbaker.com/yellow-cake-chocolate-frosting/,cake
https://www.browneyedbaker.com/best-german-chocolate-cake/,cake
https://www.browneyedbaker.com/pineapple-upside-down-cake-livestrong-with-a-taste-of-yellow-2009/,cake
https://www.browneyedbaker.com/chocolate-chip-chiffon-cake/,cake
https://www.browneyedbaker.com/mountain-mama-icebox-cake/,cake
https://www.browneyedbaker.com/chocolate-eclair-cake/,cake
https://www.browneyedbaker.com/devils-food-cake/,cake
https://www.browneyedbaker.com/brownie-cake-cookie-butter-frosting/,cake
https://www.browneyedbaker.com/jewish-apple-cake/,cake
https://www.browneyedbaker.com/cinnamon-coffee-cake/,cake
https://www.browneyedbaker.com/grammy-cake/,cake
https://www.browneyedbaker.com/banana-chocolate-chip-snack-cake/,cake
https://www.browneyedbaker.com/coconut-cake-recipe/,cake
https://www.browneyedbaker.com/firecracker-cake/,cake
https://www.browneyedbaker.com/smores-layer-cake/,cake
https://www.browneyedbaker.com/pavlova-layer-cake/,cake
https://www.browneyedbaker.com/caramel-tres-leches-cake/,cake
https://www.browneyedbaker.com/boston-cream-pie-ii/,cake
https://www.browneyedbaker.com/strawberry-rhubarb-coffee-cake/,cake
https://www.browneyedbaker.com/chocolate-banana-cake/,cake
https://www.browneyedbaker.com/momofuku-birthday-cake/,cake
https://www.browneyedbaker.com/chocolate-sheet-cake/,cake
https://www.browneyedbaker.com/red-velvet-poke-cake/,cake
https://www.browneyedbaker.com/cranberry-pound-cake/,cake
https://www.browneyedbaker.com/pumpkin-yummy-dessert/,cake
https://www.browneyedbaker.com/caramel-apple-bundt-cake/,cake
https://www.browneyedbaker.com/samoa-icebox-cake-recipe/,cake
https://www.browneyedbaker.com/wacky-cake/,cake
https://www.browneyedbaker.com/strawberry-poke-cake/,cake
https://www.browneyedbaker.com/chocolate-dump-it-cake/,cake
https://www.browneyedbaker.com/chocolate-chip-crumb-cake/,cake
https://www.browneyedbaker.com/orange-chocolate-chip-snack-cake/,cake
https://www.browneyedbaker.com/twinkie-bundt-cake/,cake
https://www.browneyedbaker.com/malted-chocolate-cake/,cake
https://www.browneyedbaker.com/no-bake-banana-split-cake-dessert/,cake
https://www.browneyedbaker.com/king-bundt-cake/,cake
https://www.browneyedbaker.com/christmas-cake/,cake
https://www.browneyedbaker.com/gingerbread-pound-cake/,cake
https://www.browneyedbaker.com/cranberry-pecan-pound-cake/,cake
https://www.browneyedbaker.com/cranberry-eggnog-coffee-cake/,cake
https://www.browneyedbaker.com/chocolate-blackout-cake/,cake
https://www.browneyedbaker.com/chocolate-mudslide-poke-cake/,cake
https://www.browneyedbaker.com/tiramisu-trifle-recipe/,cake
https://www.browneyedbaker.com/peanut-butter-layer-cake-with-chocolate-frosting/,cake
https://www.browneyedbaker.com/chocolate-cake-with-whipped-mocha-ganache-frosting/,cake
https://www.browneyedbaker.com/coconut-bundt-cake-recipe/,cake
https://www.browneyedbaker.com/homemade-dairy-queen-ice-cream-cake-recipe/,cake
https://www.browneyedbaker.com/chocolate-pound-cake-recipe/,cake
https://www.browneyedbaker.com/salted-dark-chocolate-pretzel-cake/,cake
https://www.browneyedbaker.com/no-bake-peanut-butter-lovers-icebox-cake/,cake
https://www.browneyedbaker.com/oatmeal-raisin-snack-cake-cream-cheese-frosting/,cake
https://www.browneyedbaker.com/mrs-dills-chocolate-cake/,cake
https://www.browneyedbaker.com/better-than-sex-cake-recipe/,cake
https://www.browneyedbaker.com/gingerbread-bundt-cake-with-cream-cheese-icing/,cake
https://www.browneyedbaker.com/salted-caramel-apple-cake/,cake
https://www.browneyedbaker.com/blueberry-peach-coffee-cake/,cake
https://www.browneyedbaker.com/neapolitan-cake/,cake
https://www.browneyedbaker.com/peanut-butter-cup-overload-cake/,cake
https://www.browneyedbaker.com/homemade-vanilla-ice-cream-cake-recipe/,cake
https://www.browneyedbaker.com/red-velvet-roll-cake-with-white-chocolate-cream-cheese-filling/,cake
https://www.browneyedbaker.com/eggnog-bundt-cake-with-rum-icing/,cake
https://www.browneyedbaker.com/decker-cake/,cake
https://www.browneyedbaker.com/triple-chocolate-mousse-cake-recipe/,cake
https://www.browneyedbaker.com/hot-fudge-pudding-cake-recipe/,cake
https://www.browneyedbaker.com/blueberry-buckle-recipe/,cake
https://www.browneyedbaker.com/banana-cake-recipe-cream-cheese-frosting/,cake
https://www.browneyedbaker.com/flag-cake-recipe-from-scratch/,cake
https://www.browneyedbaker.com/chocolate-bundt-cake-with-chocolate-fudge-icing/,cake
https://www.browneyedbaker.com/cream-cheese-pound-cake-recipe/,cake
https://www.browneyedbaker.com/snickers-cake/,cake
https://www.browneyedbaker.com/oreo-cheesecake-icebox-cake/,cake
https://www.browneyedbaker.com/six-layer-chocolate-cake-with-toasted-marshmallow-filling-malted-chocolate-frosting/,cake
https://www.browneyedbaker.com/meyer-lemon-loaf-cake/,cake
https://www.browneyedbaker.com/homemade-gooey-butter-cake-recipe/,cake
https://www.browneyedbaker.com/ho-ho-cake-recipe/,cake
https://www.browneyedbaker.com/homemade-hostess-twinkies-recipe/,cake
https://www.browneyedbaker.com/apple-pecan-spice-cake-cream-cheese-filling-praline-frosting/,cake
https://www.browneyedbaker.com/peach-coffee-cake-recipe/,cake
https://www.browneyedbaker.com/homemade-choco-bliss-snack-cakes/,cake
https://www.browneyedbaker.com/blueberry-lemon-buttermilk-bundt-cake/,cake
https://www.browneyedbaker.com/german-chocolate-cake-recipe/,cake
https://www.browneyedbaker.com/mississippi-mud-cake/,cake
https://www.browneyedbaker.com/my-dads-favorite-chocolate-birthday-cake/,cake
https://www.browneyedbaker.com/strawberries-and-cream-angel-food-cake-roll/,cake
https://www.browneyedbaker.com/rhubarb-crumb-cake/,cake
https://www.browneyedbaker.com/gingerbread-recipe/,cake
https://www.browneyedbaker.com/cranberry-upside-down-cake-recipe/,cake
https://www.browneyedbaker.com/honey-cake-recipe/,cake
https://www.browneyedbaker.com/how-to-make-a-rainbow-cake/,cake
https://www.browneyedbaker.com/root-beer-float-cake/,cake
https://www.browneyedbaker.com/traditional-mardi-gras-king-cake/,cake
https://www.browneyedbaker.com/russian-pound-cake/,cake
https://www.browneyedbaker.com/black-forest-cake/,cake
https://www.browneyedbaker.com/blueberry-boy-bait/,cake
https://www.browneyedbaker.com/honey-vanilla-sour-cream-pound-cake-last-chance-to-win-300/,cake
https://www.browneyedbaker.com/chocolate-peanut-butter-torte/,cake
https://www.browneyedbaker.com/sour-cream-coffee-cake/,cake
https://www.browneyedbaker.com/strawberry-mirror-cake/,cake
https://www.browneyedbaker.com/daring-bakers-perfect-party-cake/,cake
https://www.browneyedbaker.com/twd-russian-grandmothers-apple-pie-cake/,cake
https://www.browneyedbaker.com/twd-perfection-pound-cake/,cake
https://www.browneyedbaker.com/perfectly-chocolate-everything/,cake
https://www.browneyedbaker.com/cowboy-cookies/,cookie
https://www.browneyedbaker.com/lemon-burst-cookies/,cookie
https://www.browneyedbaker.com/smores-whoopie-pies/,cookie
https://www.browneyedbaker.com/black-and-white-cookies-recipe/,cookie
https://www.browneyedbaker.com/gobs-whoopie-pies-recipe/,cookie
https://www.browneyedbaker.com/classic-meringue-cookies/,cookie
https://www.browneyedbaker.com/alfajores-recipe/,cookie
https://www.browneyedbaker.com/oatmeal-cream-pies/,cookie
https://www.browneyedbaker.com/zia-lenas-date-bar-cookies/,cookie
https://www.browneyedbaker.com/chocolate-sandwich-cookies-homemade-oreos/,cookie
https://www.browneyedbaker.com/lofthouse-cookies-easy-buttercream-frosting/,cookie
https://www.browneyedbaker.com/nutella-hazelnut-cookies/,cookie
https://www.browneyedbaker.com/snowball-cookies-recipe/,cookie
https://www.browneyedbaker.com/pizzelle-italian-waffle-cookies/,cookie
https://www.browneyedbaker.com/mm-cookie-recipe/,cookie
https://www.browneyedbaker.com/go-pens-with-all-occasion-sugar-cookies/,cookie
https://www.browneyedbaker.com/my-grandmas-biscotti-recipe/,cookie
https://www.browneyedbaker.com/monster-cookies/,cookie
https://www.browneyedbaker.com/soft-chewy-sugar-cookies/,cookie
https://www.browneyedbaker.com/snickerdoodles/,cookie
https://www.browneyedbaker.com/peanut-butter-cookies/,cookie
https://www.browneyedbaker.com/orange-cookies-recipe/,cookie
https://www.browneyedbaker.com/chocolate-chip-cookie-cake/,cookie
https://www.browneyedbaker.com/thick-and-chewy-chocolate-chip-cookies/,cookie
https://www.browneyedbaker.com/no-bake-chocolate-peanut-butter-oatmeal-cookies/,cookie
https://www.browneyedbaker.com/christmas-baking-the-peanut-butter-blossom/,cookie
https://www.browneyedbaker.com/peanut-butter-cup-cookies/,cookie
https://www.browneyedbaker.com/danish-butter-cookies/,cookie
https://www.browneyedbaker.com/favorite-chocolate-chip-cookies/,cookie
https://www.browneyedbaker.com/chocolate-crinkle-sprinkle-cookies/,cookie
https://www.browneyedbaker.com/koulourakia-greek-easter-cookies/,cookie
https://www.browneyedbaker.com/peanut-butter-oatmeal-chocolate-chip-cookies/,cookie
https://www.browneyedbaker.com/red-velvet-whoopie-pies/,cookie
https://www.browneyedbaker.com/the-best-snickerdoodles/,cookie
https://www.browneyedbaker.com/lemon-chocolate-chip-soft-biscotti/,cookie
https://www.browneyedbaker.com/chocolate-chip-meringue-cookies/,cookie
https://www.browneyedbaker.com/bergers-style-cookies/,cookie
https://www.browneyedbaker.com/soft-chewy-chocolate-chip-cookies/,cookie
https://www.browneyedbaker.com/better-than-brownies-chocolate-cookies/,cookie
https://www.browneyedbaker.com/levain-bakery-chocolate-chip-cookies/,cookie
https://www.browneyedbaker.com/momofuku-milk-bar-compost-cookies-recipe/,cookie
https://www.browneyedbaker.com/oatmeal-chocolate-chip-cookies-recipe/,cookie
https://www.browneyedbaker.com/chocolate-dipped-coconut-macaroons/,cookie
https://www.browneyedbaker.com/cooks-illustrated-perfect-chocolate-chip-cookies/,cookie
https://www.browneyedbaker.com/mini-cheesecake-cookies/,cookie
https://www.browneyedbaker.com/peanut-butter-monster-cookies/,cookie
https://www.browneyedbaker.com/paleo-snowball-cookies/,cookie
https://www.browneyedbaker.com/sadelles-oatmeal-raisin-cookies/,cookie
https://www.browneyedbaker.com/the-famed-neiman-marcus-cookie/,cookie
https://www.browneyedbaker.com/salted-peanut-butter-butterscotch-chip-cookies/,cookie
https://www.browneyedbaker.com/smores-cookies-recipe/,cookie
https://www.browneyedbaker.com/chunky-chewy-peanut-butter-cookies/,cookie
https://www.browneyedbaker.com/hermit-cookies-recipe/,cookie
https://www.browneyedbaker.com/soft-chewy-peanut-butter-chocolate-chip-cookies/,cookie
https://www.browneyedbaker.com/christmas-baking-chocolate-chip-tea-cookies/,cookie
https://www.browneyedbaker.com/chocolate-crinkle-cookies-recipe/,cookie
https://www.browneyedbaker.com/celebrating-2-years-of-blogging-with-italian-walnut-pillow-cookies/,cookie
https://www.browneyedbaker.com/chocolate-dipped-banana-bread-biscotti/,cookie
https://www.browneyedbaker.com/oatmeal-dark-chocolate-chip-coconut-cookies/,cookie
https://www.browneyedbaker.com/giant-chocolate-peanut-butter-chip-cookies/,cookie
https://www.browneyedbaker.com/salted-peanut-butter-cup-chocolate-chip-cookies/,cookie
https://www.browneyedbaker.com/chocolate-chip-biscotti/,cookie
https://www.browneyedbaker.com/soft-batch-chocolate-chip-cookies/,cookie
https://www.browneyedbaker.com/italian-sesame-seed-cookies-giuggiulena/,cookie
https://www.browneyedbaker.com/classic-thumbprint-cookies/,cookie
https://www.browneyedbaker.com/soft-and-chewy-gingersnap-cookies/,cookie
https://www.browneyedbaker.com/dark-chocolate-chunk-eggnog-cookies/,cookie
https://www.browneyedbaker.com/snickerdoodle-biscotti/,cookie
https://www.browneyedbaker.com/honey-peanut-butter-cookies/,cookie
https://www.browneyedbaker.com/chocolate-marshmallow-cookies/,cookie
https://www.browneyedbaker.com/peanut-butter-pretzel-chocolate-chip-cookies/,cookie
https://www.browneyedbaker.com/soft-and-chewy-molasses-spice-cookies/,cookie
https://www.browneyedbaker.com/chocolate-truffle-cookies/,cookie
https://www.browneyedbaker.com/chocolate-sugar-cookies-recipe/,cookie
https://www.browneyedbaker.com/pink-grapefruit-sandwich-cookies/,cookie
https://www.browneyedbaker.com/almond-lace-cookies/,cookie
https://www.browneyedbaker.com/the-new-york-times-chocolate-chip-cookies/,cookie
https://www.browneyedbaker.com/alton-browns-the-chewy-chocolate-chip-cookie/,cookie
https://www.browneyedbaker.com/buckeye-peanut-butter-cup-cookies/,cookie
https://www.browneyedbaker.com/filled-raisin-cookies/,cookie
https://www.browneyedbaker.com/salted-espresso-oatmeal-chocolate-chip-cookies/,cookie
https://www.browneyedbaker.com/chocolate-sprinkle-thumbprint-cookies/,cookie
https://www.browneyedbaker.com/colossal-reeses-pieces-chocolate-chip-cookies/,cookie
https://www.browneyedbaker.com/peanut-butter-sandwich-cookies/,cookie
https://www.browneyedbaker.com/granola-cookies-recipe/,cookie
https://www.browneyedbaker.com/peppermint-whoopie-pies/,cookie
https://www.browneyedbaker.com/gingerbread-men-cookies/,cookie
https://www.browneyedbaker.com/nutter-butter-snowmen/,cookie
https://www.browneyedbaker.com/pumpkin-cookies-with-brown-butter-icing/,cookie
https://www.browneyedbaker.com/chunky-peanut-butter-cookies/,cookie
https://www.browneyedbaker.com/no-bake-peanut-butter-butterscotch-crisp-cookies/,cookie
https://www.browneyedbaker.com/triple-chocolate-oreo-chunk-cookies/,cookie
https://www.browneyedbaker.com/peanut-butter-snickers-cookies/,cookie
https://www.browneyedbaker.com/oreo-cheesecake-cookies/,cookie
https://www.browneyedbaker.com/moon-pies-recipe/,cookie
https://www.browneyedbaker.com/chocolate-malted-whopper-cookies/,cookie
https://www.browneyedbaker.com/anisette-biscotti/,cookie
https://www.browneyedbaker.com/conversation-heart-sugar-cookies/,cookie
https://www.browneyedbaker.com/cranberry-white-chocolate-chip-cookies/,cookie
https://www.browneyedbaker.com/pecan-tassies-recipe/,cookie
https://www.browneyedbaker.com/fig-and-walnut-biscotti/,cookie
https://www.browneyedbaker.com/salted-double-chocolate-peanut-butter-cookies/,cookie
https://www.browneyedbaker.com/pumpkin-whoopie-pies-maple-cream-cheese-frostin/,cookie
https://www.browneyedbaker.com/salted-chocolate-shortbread-cookies/,cookie
https://www.browneyedbaker.com/homemade-ice-cream-cookie-sandwiches/,cookie
https://www.browneyedbaker.com/anise-cookies/,cookie
https://www.browneyedbaker.com/chocolate-thumbprints/,cookie
https://www.browneyedbaker.com/classic-baby-shower-cookies/,cookie
https://www.browneyedbaker.com/pecan-sandies/,cookie
https://www.browneyedbaker.com/thick-and-chewy-triple-chocolate-cookies/,cookie
https://www.browneyedbaker.com/easter-egg-sugar-cookies/,cookie
https://www.browneyedbaker.com/st-patricks-day-shamrock-cookies-2/,cookie
https://www.browneyedbaker.com/shortbread-cookies/,cookie
https://www.browneyedbaker.com/cranberry-white-chocolate-almond-biscotti/,cookie
https://www.browneyedbaker.com/rugelach/,cookie
https://www.browneyedbaker.com/nut-crescents/,cookie
https://www.browneyedbaker.com/chewy-oatmeal-raisin-cookies/,cookie
https://www.browneyedbaker.com/empire-cookies-giveaway/,cookie
https://www.browneyedbaker.com/chocolate-pistachio-biscotti/,cookie
https://www.browneyedbaker.com/lebkuchen-german-christmas-cookies/,cookie
https://www.browneyedbaker.com/parmesan-black-pepper-biscotti/,cookie
https://www.browneyedbaker.com/ultimate-ginger-cookies/,cookie
https://www.browneyedbaker.com/white-chocolate-macadamia-nut-cookies/,cookie
https://www.browneyedbaker.com/how-to-decorate-cookies-with-royal-icing/,cookie
https://www.browneyedbaker.com/cucidati-italian-fig-cookies/,cookie
https://www.browneyedbaker.com/sugar-cookies-for-the-super-bowl/,cookie
https://www.browneyedbaker.com/chocolate-biscotti/,cookie
https://www.browneyedbaker.com/twd-brown-sugar-pecan-shortbread-cookies-and-my-100th/,cookie
https://www.browneyedbaker.com/oatmeal-raisin-chocolate-chip-cookies/,cookie
https://www.browneyedbaker.com/you-must-try-these/,cookie
https://www.browneyedbaker.com/vanilla-cupcakes-vanilla-buttercream-frosting/,cupcake
https://www.browneyedbaker.com/strawberry-cupcakes-with-strawberry-meringue-buttercream/,cupcake
https://www.browneyedbaker.com/coconut-cupcakes-with-toasted-coconut-frosting/,cupcake
https://www.browneyedbaker.com/thanksgiving-turkey-cupcakes/,cupcake
https://www.browneyedbaker.com/dark-chocolate-cupcakes-with-peanut-butter-frosting/,cupcake
https://www.browneyedbaker.com/chocolate-cupcakes-vanilla-frosting/,cupcake
https://www.browneyedbaker.com/boston-cream-cupcakes-recipe/,cupcake
https://www.browneyedbaker.com/best-chocolate-cupcakes-recipe/,cupcake
https://www.browneyedbaker.com/margarita-cupcakes-cinco-de-mayo/,cupcake
https://www.browneyedbaker.com/irish-car-bomb-cupcakes/,cupcake
https://www.browneyedbaker.com/10-best-cupcake-recipes/,cupcake
https://www.browneyedbaker.com/white-cupcakes-cranberry-frosting/,cupcake
https://www.browneyedbaker.com/cherry-coke-float-cupcakes/,cupcake
https://www.browneyedbaker.com/snickers-cupcakes/,cupcake
https://www.browneyedbaker.com/red-velvet-cupcakes-cream-cheese-frosting/,cupcake
https://www.browneyedbaker.com/mocha-cupcakes-with-espresso-buttercream-frosting/,cupcake
https://www.browneyedbaker.com/apple-cupcakes-cinnamon-cream-cheese-frosting/,cupcake
https://www.browneyedbaker.com/ice-cream-cone-cupcakes/,cupcake
https://www.browneyedbaker.com/malted-milk-chocolate-cupcakes/,cupcake
https://www.browneyedbaker.com/classic-yellow-cupcakes-with-chocolate-frosting/,cupcake
https://www.browneyedbaker.com/pumpkin-cupcakes-with-cream-cheese-frosting/,cupcake
https://www.browneyedbaker.com/hi-hat-cupcakes-2/,cupcake
https://www.browneyedbaker.com/shamrock-shake-cupcakes/,cupcake
https://www.browneyedbaker.com/homemade-funfetti-cupcakes-from-scratch/,cupcake
https://www.browneyedbaker.com/pumpkin-spice-latte-cupcakes/,cupcake
https://www.browneyedbaker.com/kentucky-derby-pie-cupcakes/,cupcake
https://www.browneyedbaker.com/homemade-hostess-cupcakes/,cupcake
https://www.browneyedbaker.com/mojito-cupcakes-recipe/,cupcake
https://www.browneyedbaker.com/salted-caramel-cupcakes-recipe/,cupcake
https://www.browneyedbaker.com/hummingbird-cupcakes-recipe/,cupcake
https://www.browneyedbaker.com/snickerdoodle-cupcakes/,cupcake
https://www.browneyedbaker.com/smores-cupcakes-recipe/,cupcake
https://www.browneyedbaker.com/tiramisu-cupcakes-for-my-birthday-today/,cupcake
https://www.browneyedbaker.com/banana-cupcakes-with-vanilla-pastry-cream/,cupcake
https://www.browneyedbaker.com/pancake-cupcakes-maple-bacon-buttercream-frosting/,cupcake
https://www.browneyedbaker.com/lemon-limoncello-cupcakes/,cupcake
https://www.browneyedbaker.com/cornbread-muffins/,muffin
https://www.browneyedbaker.com/chocolate-chocolate-chunk-muffins/,muffin
https://www.browneyedbaker.com/apple-cinnamon-muffins/,muffin
https://www.browneyedbaker.com/morning-glory-muffins/,muffin
https://www.browneyedbaker.com/blueberry-muffins-recipe/,muffin
https://www.browneyedbaker.com/zucchini-chocolate-chip-muffins/,muffin
https://www.browneyedbaker.com/berrylicious-blueberry-muffins/,muffin
https://www.browneyedbaker.com/chocolate-chip-muffins-recipe/,muffin
https://www.browneyedbaker.com/banana-muffins-2/,muffin
https://www.browneyedbaker.com/honey-muffins-recipe/,muffin
https://sallysbakingaddiction.com/no-knead-homemade-honey-oat-bread/,bread
https://sallysbakingaddiction.com/whole-wheat-pizza-dough/,bread
https://sallysbakingaddiction.com/honey-wheat-english-muffins/,bread
https://sallysbakingaddiction.com/sea-salt-herb-skillet-rolls/,bread
https://sallysbakingaddiction.com/pumpkin-cinnamon-rolls/,bread
https://sallysbakingaddiction.com/apple-cinnamon-bread/,bread
https://sallysbakingaddiction.com/roasted-vegetable-whole-wheat-pizza/,bread
https://sallysbakingaddiction.com/soft-pretzel-knots/,bread
https://sallysbakingaddiction.com/peach-quick-bread/,bread
https://sallysbakingaddiction.com/asiago-cheese-sun-dried-tomato-quick-bread/,bread
https://sallysbakingaddiction.com/chocolate-sweet-rolls/,bread
https://sallysbakingaddiction.com/chocolate-chip-loaf-cake/,bread
https://sallysbakingaddiction.com/overnight-cinnamon-rolls/,bread
https://sallysbakingaddiction.com/cinnamon-crunch-bread/,bread
https://sallysbakingaddiction.com/multigrain-bread/,bread
https://sallysbakingaddiction.com/lemon-poppy-seed-bread/,bread
https://sallysbakingaddiction.com/homemade-stromboli/,bread
https://sallysbakingaddiction.com/rosemary-garlic-pull-apart-bread/,bread
https://sallysbakingaddiction.com/everything-biscuits/,bread
https://sallysbakingaddiction.com/carrot-cake-loaf/,bread
https://sallysbakingaddiction.com/apple-cinnamon-babka/,bread
https://sallysbakingaddiction.com/cinnamon-swirl-quick-bread/,bread
https://sallysbakingaddiction.com/blueberries-n-cream-danish-braid/,bread
https://sallysbakingaddiction.com/breakfast-pastries/,bread
https://sallysbakingaddiction.com/no-yeast-bread/,bread
https://sallysbakingaddiction.com/homemade-flatbread-pizza-recipe/,bread
https://sallysbakingaddiction.com/giant-cinnamon-roll-cake/,bread
https://sallysbakingaddiction.com/garlic-knots-recipe/,bread
https://sallysbakingaddiction.com/whole-wheat-banana-bread/,bread
https://sallysbakingaddiction.com/yeast-email-series/,bread
https://sallysbakingaddiction.com/homemade-artisan-bread/,bread
https://sallysbakingaddiction.com/sandwich-bread/,bread
https://sallysbakingaddiction.com/orange-glazed-cranberry-bread/,bread
https://sallysbakingaddiction.com/harvest-spice-bread/,bread
https://sallysbakingaddiction.com/homemade-cheese-bread/,bread
https://sallysbakingaddiction.com/homemade-monkey-bread-aka-cinnamon-roll-bites/,bread
https://sallysbakingaddiction.com/homemade-berry-fritters/,bread
https://sallysbakingaddiction.com/garlic-rosemary-herb-focaccia/,bread
https://sallysbakingaddiction.com/hot-cross-buns/,bread
https://sallysbakingaddiction.com/soft-dinner-rolls/,bread
https://sallysbakingaddiction.com/baking-with-yeast/,bread
https://sallysbakingaddiction.com/grandmas-irish-soda-bread/,bread
https://sallysbakingaddiction.com/blueberry-muffin-bread/,bread
https://sallysbakingaddiction.com/cheesy-breadsticks/,bread
https://sallysbakingaddiction.com/homemade-pizza-crust-recipe/,bread
https://sallysbakingaddiction.com/homemade-bagels/,bread
https://sallysbakingaddiction.com/star-bread/,bread
https://sallysbakingaddiction.com/best-banana-bread-recipe/,bread
https://sallysbakingaddiction.com/jalapeno-cheddar-bread/,bread
https://sallysbakingaddiction.com/raspberry-danish-twist-bread/,bread
https://sallysbakingaddiction.com/everything-bagel-pull-apart-bread/,bread
https://sallysbakingaddiction.com/sausage-garlic-pesto-flatbread/,bread
https://sallysbakingaddiction.com/homemade-cinnamon-swirl-bread/,bread
https://sallysbakingaddiction.com/homemade-chocolate-croissants/,bread
https://sallysbakingaddiction.com/greek-yogurt-apple-blueberry-bread/,bread
https://sallysbakingaddiction.com/homemade-croissants/,bread
https://sallysbakingaddiction.com/whole-wheat-rolls/,bread
https://sallysbakingaddiction.com/dark-chocolate-bread-pudding/,bread
https://sallysbakingaddiction.com/nutella-babka/,bread
https://sallysbakingaddiction.com/homemade-bread-bowls/,bread
https://sallysbakingaddiction.com/homemade-cheddar-biscuits/,bread
https://sallysbakingaddiction.com/no-knead-cranberry-nut-bread/,bread
https://sallysbakingaddiction.com/easy-pretzel-rolls/,bread
https://sallysbakingaddiction.com/zucchini-bread/,bread
https://sallysbakingaddiction.com/orange-sweet-rolls/,bread
https://sallysbakingaddiction.com/easy-homemade-soft-pretzels/,bread
https://sallysbakingaddiction.com/maple-pecan-sticky-buns/,bread
https://sallysbakingaddiction.com/flaky-buttermilk-biscuits/,bread
https://sallysbakingaddiction.com/how-to-make-stuffed-crust-pizza/,bread
https://sallysbakingaddiction.com/spiced-gingerbread-loaf/,bread
https://sallysbakingaddiction.com/cinnamon-roll-wreath/,bread
https://sallysbakingaddiction.com/cheesy-pretzel-twists/,bread
https://sallysbakingaddiction.com/big-giant-cinnamon-rolls/,bread
https://sallysbakingaddiction.com/homemade-frosted-doughnuts-3-ways/,bread
https://sallysbakingaddiction.com/zucchini-herbed-ricotta-flatbread/,bread
https://sallysbakingaddiction.com/honey-skillet-cornbread/,bread
https://sallysbakingaddiction.com/how-to-make-homemade-glazed-doughnuts/,bread
https://sallysbakingaddiction.com/greek-yogurt-zucchini-bread/,bread
https://sallysbakingaddiction.com/homemade-ham-cheese-pockets/,bread
https://sallysbakingaddiction.com/easy-slow-cooker-cinnamon-rolls/,bread
https://sallysbakingaddiction.com/tried-true-honey-butter-rolls/,bread
https://sallysbakingaddiction.com/homemade-cinnamon-raisin-bagels/,bread
https://sallysbakingaddiction.com/homemade-everything-bagels/,bread
https://sallysbakingaddiction.com/melt-in-your-mouth-maple-cinnamon-rolls/,bread
https://sallysbakingaddiction.com/strawberry-rolls-with-sweet-lemon-glaze/,bread
https://sallysbakingaddiction.com/double-chocolate-zucchini-bread/,bread
https://sallysbakingaddiction.com/easiest-appetizer-goat-cheese-honey-fruit-crostini/,bread
https://sallysbakingaddiction.com/my-favorite-cornbread/,bread
https://sallysbakingaddiction.com/garlic-chicken-pesto-pizza/,bread
https://sallysbakingaddiction.com/how-to-make-chicago-style-deep-dish-pizza/,bread
https://sallysbakingaddiction.com/pumpkin-chocolate-chip-bread/,bread
https://sallysbakingaddiction.com/hawaiian-pizza/,bread
https://sallysbakingaddiction.com/soft-pretzel-bites/,bread
https://sallysbakingaddiction.com/classic-margherita-pizza/,bread
https://sallysbakingaddiction.com/award-winning-zucchini-bread/,bread
https://sallysbakingaddiction.com/glazed-strawberry-bread/,bread
https://sallysbakingaddiction.com/spinach-artichoke-white-cheese-pizza/,bread
https://sallysbakingaddiction.com/dark-chocolate-chip-raspberry-banana-bread/,bread
https://sallysbakingaddiction.com/homemade-bbq-chicken-pizza/,bread
https://sallysbakingaddiction.com/lemon-sweet-rolls/,bread
https://sallysbakingaddiction.com/cheesy-garlic-breadsticks/,bread
https://sallysbakingaddiction.com/pepperoni-pizza-rolls/,bread
https://sallysbakingaddiction.com/homemade-crab-pretzels/,bread
https://sallysbakingaddiction.com/caramelized-apple-gorgonzola-pizza/,bread
https://sallysbakingaddiction.com/homemade-extra-cheese-pizza/,bread
https://sallysbakingaddiction.com/raspberry-danish-braid/,bread
https://sallysbakingaddiction.com/danish-pastry-dough/,bread
https://sallysbakingaddiction.com/cinnamon-swirl-chocolate-chip-bread/,bread
https://sallysbakingaddiction.com/banana-chocolate-chip-cinnamon-rolls/,bread
https://sallysbakingaddiction.com/blueberry-sweet-rolls-with-lemon-glaze/,bread
https://sallysbakingaddiction.com/easy-cinnamon-rolls-from-scratch/,bread
https://sallysbakingaddiction.com/cake-batter-cinnamon-rolls-without-cake-mix/,bread
https://sallysbakingaddiction.com/homemade-monkey-bread-with-caramel-sauce/,bread
https://sallysbakingaddiction.com/homemade-orange-sweet-rolls/,bread
https://sallysbakingaddiction.com/30-minute-whole-wheat-pretzels/,bread
https://sallysbakingaddiction.com/raspberry-swirl-sweet-rolls/,bread
https://sallysbakingaddiction.com/cinnamon-swirl-banana-bread/,bread
https://sallysbakingaddiction.com/white-chocolate-chip-mango-banana-bread/,bread
https://sallysbakingaddiction.com/nutella-swirled-peanut-butter-banana-bread/,bread
https://sallysbakingaddiction.com/cheesecake-swirl-carrot-bundt-cake/,cake
https://sallysbakingaddiction.com/6-inch-citrus-cake/,cake
https://sallysbakingaddiction.com/espresso-chocolate-chip-cake/,cake
https://sallysbakingaddiction.com/mint-chocolate-cookie-cake/,cake
https://sallysbakingaddiction.com/cranberry-pecan-cake/,cake
https://sallysbakingaddiction.com/iced-pumpkin-coffee-cake/,cake
https://sallysbakingaddiction.com/ice-cream-loaf-cake/,cake
https://sallysbakingaddiction.com/cookies-cream-sheet-cake/,cake
https://sallysbakingaddiction.com/chocolate-marble-banana-bundt-cake/,cake
https://sallysbakingaddiction.com/cherry-almond-buckle/,cake
https://sallysbakingaddiction.com/chocolate-chip-loaf-cake/,cake
https://sallysbakingaddiction.com/pineapple-coconut-cake/,cake
https://sallysbakingaddiction.com/small-chocolate-cake/,cake
https://sallysbakingaddiction.com/buche-de-noel-yule-log/,cake
https://sallysbakingaddiction.com/buttery-caramel-apple-upside-down-cake/,cake
https://sallysbakingaddiction.com/tiramisu-crepe-cake/,cake
https://sallysbakingaddiction.com/carrot-cake-loaf/,cake
https://sallysbakingaddiction.com/easy-homemade-funfetti-cake/,cake
https://sallysbakingaddiction.com/fresh-berry-cream-cake/,cake
https://sallysbakingaddiction.com/yellow-cake/,cake
https://sallysbakingaddiction.com/lemon-pudding-cakes/,cake
https://sallysbakingaddiction.com/pineapple-upside-cake/,cake
https://sallysbakingaddiction.com/giant-cinnamon-roll-cake/,cake
https://sallysbakingaddiction.com/flourless-chocolate-cake-recipe/,cake
https://sallysbakingaddiction.com/triple-chocolate-layer-cake/,cake
https://sallysbakingaddiction.com/homemade-wedding-cake/,cake
https://sallysbakingaddiction.com/lemon-berry-yogurt-cake/,cake
https://sallysbakingaddiction.com/crumb-cake/,cake
https://sallysbakingaddiction.com/raspberry-chocolate-coffee-cake/,cake
https://sallysbakingaddiction.com/rum-cake/,cake
https://sallysbakingaddiction.com/snickerdoodle-cake/,cake
https://sallysbakingaddiction.com/glazed-apple-bundt-cake/,cake
https://sallysbakingaddiction.com/elmo-cake/,cake
https://sallysbakingaddiction.com/burnt-sugar-caramel-cake/,cake
https://sallysbakingaddiction.com/how-to-freeze-cakes/,cake
https://sallysbakingaddiction.com/dark-chocolate-mousse-cake/,cake
https://sallysbakingaddiction.com/vertical-cake/,cake
https://sallysbakingaddiction.com/yellow-sheet-cake-chocolate-fudge-frosting/,cake
https://sallysbakingaddiction.com/6-inch-cake-recipes/,cake
https://sallysbakingaddiction.com/vanilla-sheet-cake/,cake
https://sallysbakingaddiction.com/angel-food-cake/,cake
https://sallysbakingaddiction.com/strawberry-shortcake-cake/,cake
https://sallysbakingaddiction.com/chocolate-cake-roll/,cake
https://sallysbakingaddiction.com/lemon-berry-petit-fours/,cake
https://sallysbakingaddiction.com/blackberry-lavender-cake/,cake
https://sallysbakingaddiction.com/coconut-cake/,cake
https://sallysbakingaddiction.com/cream-cheese-pound-cake/,cake
https://sallysbakingaddiction.com/red-velvet-layer-cake-with-cream-cheese-frosting/,cake
https://sallysbakingaddiction.com/vanilla-cake/,cake
https://sallysbakingaddiction.com/champagne-cake-roll/,cake
https://sallysbakingaddiction.com/upside-down-pear-gingerbread-cake/,cake
https://sallysbakingaddiction.com/black-forest-cake/,cake
https://sallysbakingaddiction.com/1st-birthday-cake/,cake
https://sallysbakingaddiction.com/chocolate-chip-cookie-layer-cake/,cake
https://sallysbakingaddiction.com/zucchini-crumb-cake/,cake
https://sallysbakingaddiction.com/smith-island-cake/,cake
https://sallysbakingaddiction.com/lemon-cake/,cake
https://sallysbakingaddiction.com/no-bake-smores-cake/,cake
https://sallysbakingaddiction.com/brownie-baked-alaska/,cake
https://sallysbakingaddiction.com/decorated-6-inch-cake/,cake
https://sallysbakingaddiction.com/boston-cream-pie/,cake
https://sallysbakingaddiction.com/lemon-berry-trifle/,cake
https://sallysbakingaddiction.com/almond-poppy-seed-tea-cakes/,cake
https://sallysbakingaddiction.com/raspberry-almond-crumb-cake/,cake
https://sallysbakingaddiction.com/german-chocolate-cake/,cake
https://sallysbakingaddiction.com/pavlova/,cake
https://sallysbakingaddiction.com/pistachio-cake/,cake
https://sallysbakingaddiction.com/vanilla-naked-cake/,cake
https://sallysbakingaddiction.com/mini-vanilla-pound-cakes/,cake
https://sallysbakingaddiction.com/chocolate-cake-pops/,cake
https://sallysbakingaddiction.com/zebra-cake/,cake
https://sallysbakingaddiction.com/strawberry-cake/,cake
https://sallysbakingaddiction.com/tuxedo-cake/,cake
https://sallysbakingaddiction.com/cranberry-orange-bundt-cake/,cake
https://sallysbakingaddiction.com/pumpkin-chocolate-chip-bundt-cake/,cake
https://sallysbakingaddiction.com/chai-cinnamon-swirl-bundt-cake/,cake
https://sallysbakingaddiction.com/best-pumpkin-cake/,cake
https://sallysbakingaddiction.com/apple-crumb-cake/,cake
https://sallysbakingaddiction.com/pumpkin-roll/,cake
https://sallysbakingaddiction.com/banana-cake-with-brown-butter-cream-cheese-frosting/,cake
https://sallysbakingaddiction.com/checkerboard-cake/,cake
https://sallysbakingaddiction.com/blackberry-peach-skillet-cornmeal-cake/,cake
https://sallysbakingaddiction.com/homemade-cake-pops/,cake
https://sallysbakingaddiction.com/chocolate-zucchini-cake/,cake
https://sallysbakingaddiction.com/peach-bundt-cake-with-brown-butter-icing/,cake
https://sallysbakingaddiction.com/raspberry-swirl-pound-cake/,cake
https://sallysbakingaddiction.com/blueberry-lemon-icebox-cake/,cake
https://sallysbakingaddiction.com/strawberries-n-cream-cake-roll/,cake
https://sallysbakingaddiction.com/hummingbird-cake/,cake
https://sallysbakingaddiction.com/coconut-easter-nest-cake/,cake
https://sallysbakingaddiction.com/pineapple-carrot-cake-with-cream-cheese-frosting/,cake
https://sallysbakingaddiction.com/chocolate-cream-cheese-bundt-cake/,cake
https://sallysbakingaddiction.com/chocolate-lava-cakes/,cake
https://sallysbakingaddiction.com/iced-lemon-pound-cake/,cake
https://sallysbakingaddiction.com/new-favorite-white-layer-cake/,cake
https://sallysbakingaddiction.com/how-to-make-a-red-velvet-cake-roll/,cake
https://sallysbakingaddiction.com/spiced-gingerbread-loaf/,cake
https://sallysbakingaddiction.com/pumpkin-cream-cheese-bundt-cake/,cake
https://sallysbakingaddiction.com/super-moist-spice-cake/,cake
https://sallysbakingaddiction.com/best-banana-cake/,cake
https://sallysbakingaddiction.com/easy-5-layer-ice-cream-cake/,cake
https://sallysbakingaddiction.com/chocolate-chip-cookie-pizza/,cake
https://sallysbakingaddiction.com/berries-n-cream-icebox-cake/,cake
https://sallysbakingaddiction.com/grapefruit-greek-yogurt-loaf/,cake
https://sallysbakingaddiction.com/homemade-funnel-cakes/,cake
https://sallysbakingaddiction.com/glazed-orange-bundt-cake/,cake
https://sallysbakingaddiction.com/brown-butter-pound-cake-strawberry-compote/,cake
https://sallysbakingaddiction.com/lemon-coconut-cake/,cake
https://sallysbakingaddiction.com/chocolate-sheet-cake-with-creamy-peanut-butter-frosting/,cake
https://sallysbakingaddiction.com/marble-cake/,cake
https://sallysbakingaddiction.com/peanut-butter-chocolate-lava-cakes/,cake
https://sallysbakingaddiction.com/moist-gingerbread-spice-snack-cake/,cake
https://sallysbakingaddiction.com/party-angel-food-cake/,cake
https://sallysbakingaddiction.com/mms-chocolate-chip-skillet-cookie/,cake
https://sallysbakingaddiction.com/funfetti-layer-cake/,cake
https://sallysbakingaddiction.com/old-fashioned-sour-cream-crumb-cake/,cake
https://sallysbakingaddiction.com/how-to-make-a-pinata-cake/,cake
https://sallysbakingaddiction.com/my-favorite-carrot-cake-recipe/,cake
https://sallysbakingaddiction.com/glazed-lemon-poppy-seed-bundt-cake/,cake
https://sallysbakingaddiction.com/chocolate-fudge-cakes-2/,cake
https://sallysbakingaddiction.com/funfetti-sheet-cake/,cake
https://sallysbakingaddiction.com/cranberry-apple-upside-cake/,cake
https://sallysbakingaddiction.com/smores-chocolate-chip-cookie-cake/,cake
https://sallysbakingaddiction.com/strawberries-n-cream-crumb-cake/,cake
https://sallysbakingaddiction.com/oreo-cake/,cake
https://sallysbakingaddiction.com/funfetti-sugar-cookie-cake/,cake
https://sallysbakingaddiction.com/raspberry-chocolate-chip-layer-cake/,cake
https://sallysbakingaddiction.com/chocolate-chip-cookie-cake/,cake
https://sallysbakingaddiction.com/lemon-blueberry-layer-cake/,cake
https://sallysbakingaddiction.com/banana-chocolate-chip-crumb-cake/,cake
https://sallysbakingaddiction.com/how-to-make-a-tie-dye-cake/,cake
https://sallysbakingaddiction.com/fluffernutter-cake/,cake
https://sallysbakingaddiction.com/super-crumb-coffee-cake/,cake
https://sallysbakingaddiction.com/nutella-swirl-pound-cake/,cake
https://sallysbakingaddiction.com/super-moist-carrot-cake/,cake
https://sallysbakingaddiction.com/chocolate-gingerbread-bundt-cake-with-cream-cheese-frosting/,cake
https://sallysbakingaddiction.com/vanilla-bean-shamrock-cookies/,cookie
https://sallysbakingaddiction.com/white-chocolate-dipped-red-velvet-cookies/,cookie
https://sallysbakingaddiction.com/soft-baked-white-chocolate-chip-cranberry-cookies/,cookie
https://sallysbakingaddiction.com/peanut-butter-chocolate-half-moon-cookies/,cookie
https://sallysbakingaddiction.com/lemon-coconut-shortbread-cookies/,cookie
https://sallysbakingaddiction.com/caramel-hazelnut-sandwich-cookies/,cookie
https://sallysbakingaddiction.com/maple-pecan-snickerdoodles/,cookie
https://sallysbakingaddiction.com/peppermint-frosted-chocolate-cookies/,cookie
https://sallysbakingaddiction.com/almond-butter-sparkle-cookies/,cookie
https://sallysbakingaddiction.com/shortbread-wedge-cookies/,cookie
https://sallysbakingaddiction.com/cinnamon-spice-palmiers/,cookie
https://sallysbakingaddiction.com/iced-gingerbread-oatmeal-cookies/,cookie
https://sallysbakingaddiction.com/halloween-chocolate-cookies/,cookie
https://sallysbakingaddiction.com/pumpkin-spice-roll-cookies/,cookie
https://sallysbakingaddiction.com/dark-chocolate-pecan-cookies/,cookie
https://sallysbakingaddiction.com/coconut-lime-cookies/,cookie
https://sallysbakingaddiction.com/brown-butter-toffee-chocolate-chip-cookies/,cookie
https://sallysbakingaddiction.com/giant-sugar-cookie/,cookie
https://sallysbakingaddiction.com/french-macarons/,cookie
https://sallysbakingaddiction.com/raspberry-sugar-cookies/,cookie
https://sallysbakingaddiction.com/rainbow-mm-cookies/,cookie
https://sallysbakingaddiction.com/lemon-ginger-cookies/,cookie
https://sallysbakingaddiction.com/red-velvet-kiss-cookies/,cookie
https://sallysbakingaddiction.com/sweet-vanilla-bean-biscotti/,cookie
https://sallysbakingaddiction.com/brownie-cookies/,cookie
https://sallysbakingaddiction.com/apricot-cream-cheese-cookies/,cookie
https://sallysbakingaddiction.com/cinnamon-brown-sugar-stamped-cookies/,cookie
https://sallysbakingaddiction.com/almond-butter-coconut-macaroons/,cookie
https://sallysbakingaddiction.com/mint-chocolate-checkerboard-cookies/,cookie
https://sallysbakingaddiction.com/gingerbread-whoopie-pies/,cookie
https://sallysbakingaddiction.com/stained-glass-window-cookies/,cookie
https://sallysbakingaddiction.com/pumpkin-cookies/,cookie
https://sallysbakingaddiction.com/zucchini-oatmeal-chocolate-chip-cookies/,cookie
https://sallysbakingaddiction.com/cookies-n-cream-cookies/,cookie
https://sallysbakingaddiction.com/bunny-sugar-cookies/,cookie
https://sallysbakingaddiction.com/dark-chocolate-chunk-oatmeal-cookies/,cookie
https://sallysbakingaddiction.com/strawberry-biscuit-cookies/,cookie
https://sallysbakingaddiction.com/inside-out-chocolate-chip-cookies/,cookie
https://sallysbakingaddiction.com/75-christmas-cookies/,cookie
https://sallysbakingaddiction.com/chocolate-swirled-meringue-cookies/,cookie
https://sallysbakingaddiction.com/caramel-stuffed-nutella-cookies/,cookie
https://sallysbakingaddiction.com/pecan-shortbread/,cookie
https://sallysbakingaddiction.com/peanut-butter-jam-thumbprints/,cookie
https://sallysbakingaddiction.com/white-chocolate-chip-cherry-oatmeal-cookies/,cookie
https://sallysbakingaddiction.com/cranberry-spice-cookies/,cookie
https://sallysbakingaddiction.com/chocolate-gingerbread-sandwich-cookies/,cookie
https://sallysbakingaddiction.com/chocolate-peppermint-thumbprints/,cookie
https://sallysbakingaddiction.com/butter-cookies/,cookie
https://sallysbakingaddiction.com/double-chocolate-crinkle-cookies/,cookie
https://sallysbakingaddiction.com/chocolate-peanut-butter-no-bake-cookies/,cookie
https://sallysbakingaddiction.com/apple-spice-whoopie-pies/,cookie
https://sallysbakingaddiction.com/pumpkin-chocolate-chip-cookies/,cookie
https://sallysbakingaddiction.com/best-sugar-cookies/,cookie
https://sallysbakingaddiction.com/drop-sugar-cookies/,cookie
https://sallysbakingaddiction.com/maple-brown-sugar-cookies/,cookie
https://sallysbakingaddiction.com/super-chunk-white-chocolate-macadamia-nut-cookies/,cookie
https://sallysbakingaddiction.com/chewy-oatmeal-mm-cookies/,cookie
https://sallysbakingaddiction.com/peanut-butter-cookies/,cookie
https://sallysbakingaddiction.com/smores-chocolate-chip-cookies/,cookie
https://sallysbakingaddiction.com/giant-chocolate-chip-cookies/,cookie
https://sallysbakingaddiction.com/one-giant-monster-mm-cookie/,cookie
https://sallysbakingaddiction.com/jellybean-sugar-cookies/,cookie
https://sallysbakingaddiction.com/soft-chewy-oatmeal-raisin-cookies/,cookie
https://sallysbakingaddiction.com/pistachio-cookies/,cookie
https://sallysbakingaddiction.com/sparkle-sweetheart-cookies/,cookie
https://sallysbakingaddiction.com/neapolitan-cookies/,cookie
https://sallysbakingaddiction.com/drop-christmas-sugar-cookies/,cookie
https://sallysbakingaddiction.com/lace-cookies/,cookie
https://sallysbakingaddiction.com/gingerbread-house/,cookie
https://sallysbakingaddiction.com/iced-oatmeal-cookies/,cookie
https://sallysbakingaddiction.com/santas-whiskers-cookies/,cookie
https://sallysbakingaddiction.com/christmas-cookies-in-a-jar/,cookie
https://sallysbakingaddiction.com/spritz-cookies/,cookie
https://sallysbakingaddiction.com/peppermint-bark-cookies/,cookie
https://sallysbakingaddiction.com/peanut-butter-cup-blossoms/,cookie
https://sallysbakingaddiction.com/tips-for-cookie-spreading/,cookie
https://sallysbakingaddiction.com/butter-cookies-chocolate-ganache/,cookie
https://sallysbakingaddiction.com/crispy-chocolate-chip-cookies/,cookie
https://sallysbakingaddiction.com/chocolate-chip-cookie-layer-cake/,cookie
https://sallysbakingaddiction.com/coconut-macadamia-nut-cookies/,cookie
https://sallysbakingaddiction.com/animal-cracker-cookies/,cookie
https://sallysbakingaddiction.com/soft-cakey-sugar-cookies/,cookie
https://sallysbakingaddiction.com/chocolate-chip-cookie-recipes/,cookie
https://sallysbakingaddiction.com/peanut-butter-oatmeal-chocolate-chip-cookies/,cookie
https://sallysbakingaddiction.com/oatmeal-scotchies/,cookie
https://sallysbakingaddiction.com/salted-pistachio-chocolate-chunk-cookies/,cookie
https://sallysbakingaddiction.com/easter-egg-sugar-cookies/,cookie
https://sallysbakingaddiction.com/blueberry-muffin-cookies/,cookie
https://sallysbakingaddiction.com/lemon-ricotta-cookies/,cookie
https://sallysbakingaddiction.com/cream-cheese-cookies-nutella-glaze/,cookie
https://sallysbakingaddiction.com/madeleines/,cookie
https://sallysbakingaddiction.com/football-cookies/,cookie
https://sallysbakingaddiction.com/decorated-sugar-cookies/,cookie
https://sallysbakingaddiction.com/50-christmas-cookie-recipes/,cookie
https://sallysbakingaddiction.com/dark-chocolate-orange-biscotti/,cookie
https://sallysbakingaddiction.com/peanut-butter-cookie-sandwiches/,cookie
https://sallysbakingaddiction.com/soft-molasses-cookies/,cookie
https://sallysbakingaddiction.com/christmas-cookie-sparkles/,cookie
https://sallysbakingaddiction.com/raspberry-pistachio-linzer-cookies/,cookie
https://sallysbakingaddiction.com/brown-sugar-shortbread/,cookie
https://sallysbakingaddiction.com/mini-mm-cookies/,cookie
https://sallysbakingaddiction.com/no-bake-chocolate-coconut-snowballs/,cookie
https://sallysbakingaddiction.com/cream-cheese-stuffed-red-velvet-cookies/,cookie
https://sallysbakingaddiction.com/snowman-sugar-cookies/,cookie
https://sallysbakingaddiction.com/white-chocolate-chai-snickerdoodles/,cookie
https://sallysbakingaddiction.com/chewy-pumpkin-oatmeal-chocolate-chip-cookies/,cookie
https://sallysbakingaddiction.com/white-chocolate-peanut-butter-cookies/,cookie
https://sallysbakingaddiction.com/black-and-white-cookies/,cookie
https://sallysbakingaddiction.com/dark-chocolate-cranberry-almond-cookies/,cookie
https://sallysbakingaddiction.com/caramel-apple-spice-thumbprints/,cookie
https://sallysbakingaddiction.com/brownie-walnut-chunk-cookies/,cookie
https://sallysbakingaddiction.com/striped-fudge-cookie-sandwiches/,cookie
https://sallysbakingaddiction.com/rainbow-cookie-ice-cream-sandwiches/,cookie
https://sallysbakingaddiction.com/watermelon-sugar-cookies/,cookie
https://sallysbakingaddiction.com/oatmeal-chocolate-chip-cookies/,cookie
https://sallysbakingaddiction.com/chocolate-whoopie-pies-with-salted-caramel-frosting/,cookie
https://sallysbakingaddiction.com/valentines-day-heart-sugar-cookies/,cookie
https://sallysbakingaddiction.com/good-morning-sunshine-breakfast-cookies/,cookie
https://sallysbakingaddiction.com/cinnamon-roll-cookies/,cookie
https://sallysbakingaddiction.com/christmas-cookie-recipes/,cookie
https://sallysbakingaddiction.com/classic-peanut-butter-blossoms/,cookie
https://sallysbakingaddiction.com/maple-cinnamon-star-cookies/,cookie
https://sallysbakingaddiction.com/brown-butter-sugar-cookies/,cookie
https://sallysbakingaddiction.com/peppermint-white-chocolate-cookies/,cookie
https://sallysbakingaddiction.com/salted-chocolate-pistachio-shortbread/,cookie
https://sallysbakingaddiction.com/crisp-molasses-cookies/,cookie
https://sallysbakingaddiction.com/white-chocolate-cranberry-pecan-oatmeal-cookies/,cookie
https://sallysbakingaddiction.com/how-to-make-rugelach-cookies/,cookie
https://sallysbakingaddiction.com/red-velvet-whoopie-pies/,cookie
https://sallysbakingaddiction.com/heres-the-best-way-to-ship-cookies/,cookie
https://sallysbakingaddiction.com/dark-chocolate-orange-slice-bake-cookies/,cookie
https://sallysbakingaddiction.com/apple-cinnamon-oatmeal-cookies/,cookie
https://sallysbakingaddiction.com/brown-butter-pumpkin-oatmeal-cookies/,cookie
https://sallysbakingaddiction.com/chewy-chocolate-chip-cookies-with-less-sugar/,cookie
https://sallysbakingaddiction.com/soft-caramel-snickerdoodles/,cookie
https://sallysbakingaddiction.com/cream-cheese-sugar-cookies/,cookie
https://sallysbakingaddiction.com/salted-dark-chocolate-cookies/,cookie
https://sallysbakingaddiction.com/big-bakery-style-peanut-butter-chunk-cookies/,cookie
https://sallysbakingaddiction.com/chocolate-chip-cookie-pizza/,cookie
https://sallysbakingaddiction.com/peanut-butter-skillet-cookie/,cookie
https://sallysbakingaddiction.com/magic-5-cookies/,cookie
https://sallysbakingaddiction.com/soft-chewy-chocolate-chip-cookie-bars/,cookie
https://sallysbakingaddiction.com/4-basic-cookie-doughs-master/,cookie
https://sallysbakingaddiction.com/homemade-thin-mint-cookies/,cookie
https://sallysbakingaddiction.com/chocolate-covered-strawberry-muffins/,muffin
https://sallysbakingaddiction.com/applesauce-muffins/,muffin
https://sallysbakingaddiction.com/whole-wheat-banana-nut-muffins/,muffin
https://sallysbakingaddiction.com/whole-wheat-banana-nut-muffins/,muffin
https://sallysbakingaddiction.com/bakery-style-chocolate-chip-muffins/,muffin
https://sallysbakingaddiction.com/pumpkin-baked-oatmeal-cups/,muffin
https://sallysbakingaddiction.com/cream-cheese-zucchini-muffins/,muffin
https://sallysbakingaddiction.com/jumbo-raspberry-chocolate-chip-muffins/,muffin
https://sallysbakingaddiction.com/apple-cinnamon-crumb-muffins/,muffin
https://sallysbakingaddiction.com/simple-morning-glory-muffins/,muffin
https://sallysbakingaddiction.com/simple-morning-glory-muffins/,muffin
https://sallysbakingaddiction.com/blueberry-muffins/,muffin
https://sallysbakingaddiction.com/banana-muffins/,muffin
https://sallysbakingaddiction.com/baby-apple-banana-oat-muffins/,muffin
https://sallysbakingaddiction.com/blueberry-oatmeal-muffins/,muffin
https://sallysbakingaddiction.com/master-muffin-recipe/,muffin
https://sallysbakingaddiction.com/blueberry-almond-power-muffins/,muffin
https://sallysbakingaddiction.com/cranberry-cardamom-spice-muffins/,muffin
https://sallysbakingaddiction.com/pumpkin-crumb-cake-muffins/,muffin
https://sallysbakingaddiction.com/blackberry-lemon-poppy-seed-muffins/,muffin
https://sallysbakingaddiction.com/blackberry-lemon-poppy-seed-muffins/,muffin
https://sallysbakingaddiction.com/whole-wheat-apple-cinnamon-muffins/,muffin
https://sallysbakingaddiction.com/jalapeno-cornbread-muffins/,muffin
https://sallysbakingaddiction.com/strawberry-cheesecake-muffins/,muffin
https://sallysbakingaddiction.com/45-calorie-mini-chocolate-chip-muffins/,muffin
https://sallysbakingaddiction.com/130-calorie-chocolate-pumpkin-spice-muffins/,muffin
https://sallysbakingaddiction.com/peach-streusel-muffins/,muffin
https://sallysbakingaddiction.com/orange-lemon-poppy-seed-muffins/,muffin
https://sallysbakingaddiction.com/master-muffin-mix/,muffin
https://sallysbakingaddiction.com/master-muffin-mix/,muffin
https://sallysbakingaddiction.com/pumpkin-cheesecake-muffins/,muffin
https://sallysbakingaddiction.com/pumpkin-cheesecake-muffins/,muffin
https://sallysbakingaddiction.com/skinny-tropical-muffins/,muffin
https://sallysbakingaddiction.com/nutella-stuffed-cinnamon-sugar-muffins/,muffin
https://sallysbakingaddiction.com/skinny-banana-blueberry-muffins/,muffin
https://sallysbakingaddiction.com/skinny-banana-blueberry-muffins/,muffin
https://sallysbakingaddiction.com/sparkling-jumbo-blueberry-muffins-2/,muffin
https://sallysbakingaddiction.com/skinny-strawberry-chocolate-chip-muffins/,muffin
https://sallysbakingaddiction.com/skinny-chocolate-banana-fudge-muffins/,muffin
https://sallysbakingaddiction.com/banana-muffins-with-cinnamon-chocolate-chip-streusel/,muffin
https://sallysbakingaddiction.com/mini-cinnamon-sugar-pumpkin-muffins/,muffin
https://sallysbakingaddiction.com/sky-high-apple-pie-muffins/,muffin
https://sallysbakingaddiction.com/strawberry-banana-muffins/,muffin
https://sallysbakingaddiction.com/baileys-coffee-cupcakes/,cupcake
https://sallysbakingaddiction.com/guinness-chocolate-cupcakes/,cupcake
https://sallysbakingaddiction.com/molten-cookie-dough-cupcakes/,cupcake
https://sallysbakingaddiction.com/yellow-birthday-cupcakes/,cupcake
https://sallysbakingaddiction.com/confetti-cupcakes/,cupcake
https://sallysbakingaddiction.com/peanut-butter-cupcakes/,cupcake
https://sallysbakingaddiction.com/strawberry-nutella-cupcakes/,cupcake
https://sallysbakingaddiction.com/strawberry-nutella-cupcakes/,cupcake
https://sallysbakingaddiction.com/sugar-plum-fairy-cupcakes/,cupcake
https://sallysbakingaddiction.com/chai-latte-cupcakes/,cupcake
https://sallysbakingaddiction.com/angel-food-cupcakes/,cupcake
https://sallysbakingaddiction.com/coconut-carrot-cake-cupcakes/,cupcake
https://sallysbakingaddiction.com/chocolate-covered-strawberry-cupcakes/,cupcake
https://sallysbakingaddiction.com/white-chocolate-peppermint-cupcakes/,cupcake
https://sallysbakingaddiction.com/dark-chocolate-cupcakes/,cupcake
https://sallysbakingaddiction.com/pumpkin-cupcakes-with-cream-cheese-frosting/,cupcake
https://sallysbakingaddiction.com/wedding-cupcakes-with-champagne-frosting/,cupcake
https://sallysbakingaddiction.com/banana-cupcakes-with-cinnamon-cream-cheese-frosting/,cupcake
https://sallysbakingaddiction.com/sunflower-cupcakes/,cupcake
https://sallysbakingaddiction.com/smores-brownie-cupcakes/,cupcake
https://sallysbakingaddiction.com/super-moist-chocolate-cupcakes/,cupcake
https://sallysbakingaddiction.com/lemon-cupcakes-with-blackberry-cream-cheese-frosting/,cupcake
https://sallysbakingaddiction.com/soft-fluffy-sprinkle-cupcakes/,cupcake
https://sallysbakingaddiction.com/how-to-pipe-a-two-toned-frosting-rose/,cupcake
https://sallysbakingaddiction.com/chocolate-caramel-coconut-cupcakes/,cupcake
https://sallysbakingaddiction.com/pistachio-cupcakes-with-creamy-strawberry-frosting/,cupcake
https://sallysbakingaddiction.com/peanut-butter-hi-hat-cupcakes/,cupcake
https://sallysbakingaddiction.com/party-pinata-cupcakes/,cupcake
https://sallysbakingaddiction.com/mocha-nutella-cupcakes/,cupcake
https://sallysbakingaddiction.com/ombre-spice-cupcakes/,cupcake
https://sallysbakingaddiction.com/peanut-butter-jelly-cupcakes/,cupcake
https://sallysbakingaddiction.com/peanut-butter-jelly-cupcakes/,cupcake
https://sallysbakingaddiction.com/margarita-cupcakes/,cupcake
https://sallysbakingaddiction.com/meyer-lemon-blueberry-cupcakes/,cupcake
https://sallysbakingaddiction.com/ultimate-snickers-cupcakes/,cupcake
https://sallysbakingaddiction.com/strawberry-cupcakes-with-creamy-strawberry-buttercream/,cupcake
https://sallysbakingaddiction.com/strawberry-cupcakes-with-creamy-strawberry-buttercream/,cupcake
https://sallysbakingaddiction.com/chocolate-cupcakes-creamy-raspberry-frosting/,cupcake
https://sallysbakingaddiction.com/spiced-pumpkin-cupcakes-with-marshmallow-frosting/,cupcake
https://sallysbakingaddiction.com/red-velvet-cupcakes/,cupcake
https://sallysbakingaddiction.com/white-wedding-cupcakes/,cupcake
https://sallysbakingaddiction.com/moist-yellow-cupcakes-with-milk-chocolate-frosting/,cupcake
https://sallysbakingaddiction.com/moist-yellow-cupcakes-with-milk-chocolate-frosting/,cupcake
https://sallysbakingaddiction.com/classic-chocolate-cupcakes-with-vanilla-frosting/,cupcake
https://sallysbakingaddiction.com/blueberries-n-cream-cupcakes/,cupcake
https://sallysbakingaddiction.com/pina-colada-cupcakes/,cupcake
https://sallysbakingaddiction.com/banana-cupcakes-chocolate-peanut-butter-frosting/,cupcake
https://sallysbakingaddiction.com/ultimate-marble-cupcakes/,cupcake
https://sallysbakingaddiction.com/gingerbread-cupcakes/,cupcake
https://sallysbakingaddiction.com/peppermint-mocha-cupcakes/,cupcake
https://sallysbakingaddiction.com/favorite-pumpkin-cupcakes/,cupcake
https://sallysbakingaddiction.com/brown-sugar-butterscotch-cupcakes/,cupcake
https://sallysbakingaddiction.com/brown-sugar-butterscotch-cupcakes/,cupcake
https://sallysbakingaddiction.com/banana-chocolate-chip-cupcakes-with-strawberry-cream-cheese-frosting/,cupcake
https://sallysbakingaddiction.com/banana-chocolate-chip-cupcakes-with-strawberry-cream-cheese-frosting/,cupcake
https://sallysbakingaddiction.com/how-to-make-a-tie-dye-cake/,cupcake
https://sallysbakingaddiction.com/strawberry-shortcake-cupcakes/,cupcake
https://sallysbakingaddiction.com/milk-chocolate-cookies-and-cream-cupcakes/,cupcake
https://sallysbakingaddiction.com/milk-chocolate-cookies-and-cream-cupcakes/,cupcake
https://sallysbakingaddiction.com/homemade-lemon-cupcakes-with-vanilla-frosting/,cupcake
https://sallysbakingaddiction.com/chocolate-chip-cookie-dough-cupcakes/,cupcake
https://sallysbakingaddiction.com/chocolate-cupcakes-with-creamy-nutella-frosting/,cupcake
https://sallysbakingaddiction.com/chocolate-cupcakes-with-creamy-nutella-frosting/,cupcake
https://sallysbakingaddiction.com/skinny-chocolate-peanut-butter-swirl-cupcakes/,cupcake
https://sallysbakingaddiction.com/peanut-butter-cupcakes-with-dark-chocolate-frosting/,cupcake
https://sallysbakingaddiction.com/peanut-butter-cupcakes-with-dark-chocolate-frosting/,cupcake
https://sallysbakingaddiction.com/apple-spice-cupcakes-with-salted-caramel-frosting/,cupcake
https://sallysbakingaddiction.com/chocolate-fudge-cupcakes-with-salted-caramel-frosting/,cupcake
https://sallysbakingaddiction.com/classic-yellow-cupcakes-with-milk-chocolate-frosting/,cupcake
https://sallysbakingaddiction.com/fudge-brownie-cupcakes-with-cookie-dough-frosting/,cupcake
https://sallysbakingaddiction.com/fudge-brownie-cupcakes-with-cookie-dough-frosting/,cupcake
https://sallysbakingaddiction.com/fudge-brownie-cupcakes-with-peanut-butter-frosting/,cupcake
https://sallysbakingaddiction.com/vanilla-cupcakes-for-two/,cupcake
https://www.food.com/ideas/easter-breads-7096,bread
https://www.food.com/ideas/flatbread-recipes-7091,bread
https://www.food.com/ideas/monkey-bread-6817,bread
https://www.food.com/ideas/bread-pudding-recipes-6713,bread
https://www.food.com/ideas/cracker-recipes-6423,bread
https://www.food.com/recipe/baked-apple-french-toast-99969,bread
https://www.food.com/recipe/baked-potato-bread-for-the-bread-machine-99748,bread
https://www.food.com/recipe/peanut-butter-oatmeal-muffins-for-kids-or-adults-99558,bread
https://www.food.com/recipe/lemon-glazed-zucchini-muffins-99304,bread
https://www.food.com/recipe/pineapple-dijon-bread-machine-recipe-98924,bread
https://www.food.com/recipe/cheese-and-garlic-drop-biscuits-98636,bread
https://www.food.com/recipe/summer-veggie-pizza-buns-98212,bread
https://www.food.com/recipe/summer-veggie-pizza-buns-98212,bread
https://www.food.com/recipe/edmonds-scones-98142,bread
https://www.food.com/recipe/blueberry-drop-biscuits-97935,bread
https://www.food.com/recipe/the-no-fat-blueberry-muffins-recipe-97714,bread
https://www.food.com/recipe/scrambled-bread-97661,bread
https://www.food.com/recipe/taco-oyster-crackers-9756,bread
https://www.food.com/recipe/italian-cheese-bread-97461,bread
https://www.food.com/recipe/zucchini-bread-97353,bread
https://www.food.com/recipe/chocolate-tea-bread-97172,bread
https://www.food.com/recipe/carrot-zucchini-muffins-96998,bread
https://www.food.com/recipe/whole-wheat-blueberry-muffins-96721,bread
https://www.food.com/recipe/hersheys-chocolate-monkey-bread-96013,bread
https://www.food.com/recipe/hersheys-chocolate-monkey-bread-96013,bread
https://www.food.com/recipe/pepper-jack-cheese-quick-bread-96011,bread
https://www.food.com/recipe/seneca-ghost-bread-95915,bread
https://www.food.com/recipe/your-favourite-cereal-muffins-95856,bread
https://www.food.com/recipe/glorious-morning-muffins-95708,bread
https://www.food.com/recipe/kfc-biscuits-95553,bread
https://www.food.com/recipe/cracker-barrel-old-country-store-biscuits-95314,bread
https://www.food.com/recipe/homemade-biscuits-95107,bread
https://www.food.com/recipe/orange-marmalade-oat-bread-bread-machine-94846,bread
https://www.food.com/recipe/orange-streusel-muffins-94554,bread
https://www.food.com/recipe/mexican-bread-94027,bread
https://www.food.com/recipe/mexican-bread-94027,bread
https://www.food.com/recipe/blender-banana-bread-94010,bread
https://www.food.com/recipe/i-yam-what-i-yam-muffins-93958,bread
https://www.food.com/recipe/sunshine-bread-93844,bread
https://www.food.com/recipe/homemade-garlic-cheddar-cheese-bread-93683,bread
https://www.food.com/recipe/pineapple-zucchini-bread-9350,bread
https://www.food.com/recipe/cherry-buckwheat-muffins-93350,bread
https://www.food.com/recipe/apple-muffins-9319,bread
https://www.food.com/recipe/nanas-pull-apart-bread-92841,bread
https://www.food.com/recipe/gingerbread-scones-with-lemon-breakfast-cream-92326,bread
https://www.food.com/recipe/banana-nut-muffins-91902,bread
https://www.food.com/recipe/spiced-panko-bread-crumbs-91610,bread
https://www.food.com/recipe/spiced-panko-bread-crumbs-91610,bread
https://www.food.com/recipe/butternut-squash-muffins-with-cranberries-91590,bread
https://www.food.com/recipe/southern-biscuits-91536,bread
https://www.food.com/recipe/pineapple-carrot-bread-91454,bread
https://www.food.com/recipe/graham-crackers-9125,bread
https://www.food.com/recipe/thalhimers-spoon-bread-91045,bread
https://www.food.com/recipe/banana-chocolate-chip-bread-90871,bread
https://www.food.com/recipe/yorkshire-beef-pudding-90703,bread
https://www.food.com/recipe/onion-lovers-twist-bread-90367,bread
https://www.food.com/recipe/bread-machine-buttermilk-and-honey-wheat-bread-90151,bread
https://www.food.com/recipe/allspice-orange-nut-bread-89906,bread
https://www.food.com/ideas/fathers-day-cake-ideas-7103,cake
https://www.food.com/ideas/easter-breads-7096,cake
https://www.food.com/ideas/christmas-cakes-6909,cake
https://www.food.com/ideas/mothers-day-cake-6833,cake
https://www.food.com/ideas/make-this-cute-pink-reindeer-cake-6781,cake
https://www.food.com/ideas/need-to-have-baking-tools-6688,cake
https://www.food.com/ideas/step-by-step-Instagram-heart-sticker-cake-6644,cake
https://www.food.com/ideas/basic-cake-recipes-6133,cake
https://www.food.com/recipe/lemon-cream-cake-9948,cake
https://www.food.com/recipe/coconut-cake-98900,cake
https://www.food.com/recipe/tropical-kumquat-cake-98527,cake
https://www.food.com/recipe/cake-mix-cinnamon-rolls-97697,cake
https://www.food.com/recipe/cake-mix-cinnamon-rolls-97697,cake
https://www.food.com/recipe/banana-sour-cream-crumb-cake-97521,cake
https://www.food.com/recipe/mamas-sour-cream-eggy-hot-cakes-97415,cake
https://www.food.com/recipe/cake-fantasy-9734,cake
https://www.food.com/recipe/wild-blueberry-bundt-cake-97187,cake
https://www.food.com/recipe/blueberry-coffee-cake-96938,cake
https://www.food.com/recipe/bettys-cream-cheese-pound-cake-96488,cake
https://www.food.com/recipe/rich-chocolate-brownie-cake-96004,cake
https://www.food.com/recipe/blueberry-upside-down-cake-95510,cake
https://www.food.com/recipe/light-spiced-apple-coffee-cake-94868,cake
https://www.food.com/recipe/chocolate-topped-apple-cake-94576,cake
https://www.food.com/recipe/banana-walnut-upside-down-cake-93858,cake
https://www.food.com/recipe/banana-walnut-upside-down-cake-93858,cake
https://www.food.com/recipe/german-prinzregenten-torte-eight-layer-cake-93795,cake
https://www.food.com/recipe/lemon-almond-sour-cream-pound-cake-93555,cake
https://www.food.com/recipe/chocolate-coffee-cake-93497,cake
https://www.food.com/recipe/sunny-citrus-pound-cake-93221,cake
https://www.food.com/recipe/easy-chewy-caramel-cake-mix-brownies-92931,cake
https://www.food.com/recipe/coconut-and-corn-griddle-cakes-92516,cake
https://www.food.com/recipe/streusel-coffee-cake-91910,cake
https://www.food.com/recipe/diabetic-carrot-cake-91448,cake
https://www.food.com/recipe/brer-rabbit-carrot-cake-90830,cake
https://www.food.com/recipe/chocolate-macaroon-cake-bundt-cake-90444,cake
https://www.food.com/recipe/chocolate-macaroon-cake-bundt-cake-90444,cake
https://www.food.com/recipe/katos-easy-banana-cake-90402,cake
https://www.food.com/recipe/coconut-pineapple-cheese-cake-90324,cake
https://www.food.com/recipe/peanut-butter-sheet-cake-9024,cake
https://www.food.com/recipe/tosca-coffee-cake-90067,cake
https://www.food.com/recipe/lemon-poppy-seed-bundt-cake-89765,cake
https://www.food.com/recipe/honey-oatmeal-cake-89708,cake
https://www.food.com/recipe/queen-cake-89477,cake
https://www.food.com/recipe/chocolate-cream-pound-cake-89069,cake
https://www.food.com/recipe/10-minute-quick-and-easy-chocolate-brownie-pudding-cake-88740,cake
https://www.food.com/recipe/blueberry-cream-cheese-pound-cake-88238,cake
https://www.food.com/recipe/chocolate-chip-banana-cake-87648,cake
https://www.food.com/recipe/chocolate-chip-banana-cake-87648,cake
https://www.food.com/recipe/is-it-really-better-than-sex-cake-87612,cake
https://www.food.com/recipe/light-as-air-banana-cake-87414,cake
https://www.food.com/recipe/refrigerator-coffee-cake-87356,cake
https://www.food.com/recipe/old-fashioned-sour-cream-fudge-cake-87067,cake
https://www.food.com/recipe/fresh-apple-cake-with-nut-topping-86781,cake
https://www.food.com/recipe/peach-pound-cake-86080,cake
https://www.food.com/recipe/strawberry-upside-down-cake-85530,cake
https://www.food.com/recipe/butter-madeira-cake-85,cake
https://www.food.com/recipe/chocolate-raspberry-mousse-cake-84534,cake
https://www.food.com/recipe/blueberry-pound-cake-84137,cake
https://www.food.com/ideas/valentine-cookie-recipes-7078,cookie
https://www.food.com/ideas/keto-cookies-7062,cookie
https://www.food.com/ideas/vegan-christmas-cookies-7052,cookie
https://www.food.com/ideas/best-fathers-day-dessert-ideas-6980,cookie
https://www.food.com/ideas/best-cookie-butter-brands-6776,cookie
https://www.food.com/ideas/essential-christmas-cookies-6244,cookie
https://www.food.com/ideas/gluten-free-holiday-cookies-6125,cookie
https://www.food.com/recipe/coras-world-famous-chocolate-chip-cookies-99699,cookie
https://www.food.com/recipe/chewy-vegan-chocolate-chocolate-chip-cookies-99094,cookie
https://www.food.com/recipe/cookies-around-the-world-3-of-5-98731,cookie
https://www.food.com/recipe/instant-pudding-biscuits-cookies-9852,cookie
https://www.food.com/recipe/peanut-butter-brownie-cookies-97332,cookie
https://www.food.com/recipe/peanut-butter-brownie-cookies-97332,cookie
https://www.food.com/recipe/healthy-banana-oatmeal-sponge-cookies-for-kids-97312,cookie
https://www.food.com/recipe/good-morning-cookie-97060,cookie
https://www.food.com/recipe/moms-m-m-cookies-96493,cookie
https://www.food.com/recipe/spiced-nutty-cookie-crackle-96383,cookie
https://www.food.com/recipe/angel-cookies-96063,cookie
https://www.food.com/recipe/devils-chocolate-cookie-crinkles-95254,cookie
https://www.food.com/recipe/walnut-and-raisin-cookies-94513,cookie
https://www.food.com/recipe/dads-cookies-93742,cookie
https://www.food.com/recipe/chocolate-chip-cookies-my-version-92869,cookie
https://www.food.com/recipe/dads-cookies-copycat-92193,cookie
https://www.food.com/recipe/the-monkey-made-me-make-em-banana-ch-chip-cookies-89977,cookie
https://www.food.com/recipe/the-monkey-made-me-make-em-banana-ch-chip-cookies-89977,cookie
https://www.food.com/recipe/white-snowflake-cookies-89812,cookie
https://www.food.com/recipe/merry-maker-christmas-sugar-cookies-89450,cookie
https://www.food.com/recipe/cheeseburger-in-paradise-cookies-89105,cookie
https://www.food.com/recipe/imperial-butter-cookies-88795,cookie
https://www.food.com/recipe/razzle-raspberry-oatmeal-cookie-bars-88383,cookie
https://www.food.com/recipe/butterscotch-oatmeal-raisin-cookies-87303,cookie
https://www.food.com/recipe/sugar-cookie-cutouts-86777,cookie
https://www.food.com/recipe/suzies-oatmeal-chocolate-chip-cookies-85609,cookie
https://www.food.com/recipe/valentine-rich-rolled-cookies-83963,cookie
https://www.food.com/recipe/best-molasses-cookies-1961-82956,cookie
https://www.food.com/recipe/best-molasses-cookies-1961-82956,cookie
https://www.food.com/recipe/eloises-easy-sugar-cookies-82945,cookie
https://www.food.com/recipe/ultimate-killer-cookies-82797,cookie
https://www.food.com/recipe/pina-colada-spritz-cookies-82710,cookie
https://www.food.com/recipe/charlenes-grandmas-cookies-82291,cookie
https://www.food.com/recipe/cheesecake-cookies-8166,cookie
https://www.food.com/recipe/those-chocolate-cookies-81280,cookie
https://www.food.com/recipe/low-sugar-chocolate-chip-cookies-80852,cookie
https://www.food.com/recipe/southern-tea-cookies-80429,cookie
https://www.food.com/recipe/oatmeal-cookie-apple-pie-80045,cookie
https://www.food.com/recipe/classic-sugar-cookies-with-variations-79528,cookie
https://www.food.com/recipe/lemon-snowball-cookies-79158,cookie
https://www.food.com/recipe/lemon-snowball-cookies-79158,cookie
https://www.food.com/recipe/pfeffernusse-german-pepper-nut-cookies-79103,cookie
https://www.food.com/recipe/bean-banana-cookies-78964,cookie
https://www.food.com/recipe/mexican-wedding-cookies-78864,cookie
https://www.food.com/recipe/prize-winning-apple-spice-drop-cookies-78769,cookie
https://www.food.com/recipe/christmas-spice-cookies-78527,cookie
https://www.food.com/recipe/pudding-chocolate-chip-cookies-78350,cookie
https://www.food.com/recipe/martian-cookies-zucchini-lots-of-other-stuff-78009,cookie
https://www.food.com/recipe/english-lemon-curd-cookies-77475,cookie
https://www.food.com/recipe/m-m-kahlua-cookies-76895,cookie
https://www.food.com/recipe/chocolate-chip-cookies-76416,cookie
https://www.food.com/ideas/thanksgiving-cupcake-ideas-7051,cupcake
https://www.food.com/ideas/easy-easter-cupcake-ideas-6937,cupcake
https://www.food.com/ideas/cupcake-cravings-6294,cupcake
https://www.food.com/ideas/unique-cupcake-recipes-6019,cupcake
https://www.food.com/recipe/lemonade-cupcakes-95878,cupcake
https://www.food.com/recipe/vanilla-cupcakes-94484,cupcake
https://www.food.com/recipe/kittencals-easy-one-bowl-vanilla-cupcakes-89751,cupcake
https://www.food.com/recipe/double-chocolate-cocoa-cupcakes-85876,cupcake
https://www.food.com/recipe/very-vanilla-cupcakes-70923,cupcake
https://www.food.com/recipe/surprise-cupcakes-59924,cupcake
https://www.food.com/recipe/easy-vanilla-cupcakes-538789,cupcake
https://www.food.com/recipe/black-forest-cupcake-533025,cupcake
https://www.food.com/recipe/black-forest-cupcake-533025,cupcake
https://www.food.com/recipe/red-velvet-cupcakes-532134,cupcake
https://www.food.com/recipe/chocolate-coffee-tequila-cupcakes-532040,cupcake
https://www.food.com/recipe/strawberry-crumble-cupcakes-531626,cupcake
https://www.food.com/recipe/sippable-cupcake-frappacino-531312,cupcake
https://www.food.com/recipe/witch-s-cupcake-house-528581,cupcake
https://www.food.com/recipe/yummy-vanilla-cupcakes-527087,cupcake
https://www.food.com/recipe/expresso-chocolate-cupcakes-524290,cupcake
https://www.food.com/recipe/red-velvet-cupcakes-520868,cupcake
https://www.food.com/recipe/cinco-de-mayo-margarita-cupcakes-515831,cupcake
https://www.food.com/recipe/mango-filled-coconut-cupcakes-with-mango-buttercream-505114,cupcake
https://www.food.com/recipe/stuffed-french-toast-with-bacon-cupcakes-495570,cupcake
https://www.food.com/recipe/stuffed-french-toast-with-bacon-cupcakes-495570,cupcake
https://www.food.com/recipe/bacon-surprise-cupcakes-with-maple-frosting-495355,cupcake
https://www.food.com/recipe/sorbet-stuffed-cupcakes-494882,cupcake
https://www.food.com/recipe/dilmah-exceptional-italian-almond-cupcakes-493170,cupcake
https://www.food.com/recipe/skinny-peppermint-mocha-cupcakes-491099,cupcake
https://www.food.com/recipe/mountain-dew-cupcakes-with-frosting-488299,cupcake
https://www.food.com/recipe/oreo-and-peanut-butter-brownie-cupcakes-486710,cupcake
https://www.food.com/recipe/pumpkin-spice-cupcakes-with-cream-cheese-frosting-recipe-479975,cupcake
https://www.food.com/recipe/carrot-cupcakes-with-cardamom-frosting-474546,cupcake
https://www.food.com/recipe/the-easiest-cupcakes-ever-467623,cupcake
https://www.food.com/recipe/pumpkin-cupcakes-with-cinnamon-cream-cheese-frosting-464333,cupcake
https://www.food.com/recipe/pumpkin-cupcakes-with-cinnamon-cream-cheese-frosting-464333,cupcake
https://www.food.com/recipe/sticky-date-cupcakes-with-caramel-icing-464322,cupcake
https://www.food.com/recipe/purple-cow-cupcakes-461544,cupcake
https://www.food.com/recipe/smores-cupcakes-459804,cupcake
https://www.food.com/recipe/eggy-cupcakes-458288,cupcake
https://www.food.com/recipe/peach-bellini-cupcakes-453695,cupcake
https://www.food.com/recipe/amandas-gingerbread-cupcakes-452649,cupcake
https://www.food.com/recipe/zingy-lemon-raspberry-cupcakes-448301,cupcake
https://www.food.com/recipe/mummys-and-monsters-and-spiders-oh-my-cupcakes-439754,cupcake
https://www.food.com/recipe/banana-split-cupcakes-434263,cupcake
https://www.food.com/recipe/ice-cream-sundae-cupcakes-427573,cupcake
https://www.food.com/recipe/banana-cream-pie-cupcakes-425150,cupcake
https://www.food.com/recipe/banana-cream-pie-cupcakes-425150,cupcake
https://www.food.com/recipe/marshmallow-cupcakes-424290,cupcake
https://www.food.com/recipe/chocolate-surprise-cupcakes-42367,cupcake
https://www.food.com/recipe/key-lime-cupcakes-421392,cupcake
https://www.food.com/recipe/cocoa-pink-cupcakes-41945,cupcake
https://www.food.com/recipe/cupcake-princess-twice-baked-potatoes-417237,cupcake
https://www.food.com/recipe/chocolate-peanut-butter-cupcakes-415161,cupcake
https://www.food.com/recipe/lavender-lemon-cupcakes-with-icing-413803,cupcake
https://www.food.com/recipe/boston-cream-pie-cupcakes-411138,cupcake
https://www.food.com/recipe/cupcake-princess-vanilla-cupcakes-406619,cupcake
https://www.food.com/recipe/boston-cream-to-go-cupcakes-397676,cupcake
https://www.food.com/ideas/thanksgiving-cupcake-ideas-7051,muffin
https://www.food.com/ideas/muffin-tin-friendsgiving-6630,muffin
https://www.food.com/ideas/breakfast-muffins-6058,muffin
https://www.food.com/recipe/coffee-walnut-muffins-9975,muffin
https://www.food.com/recipe/brownie-muffins-99466,muffin
https://www.food.com/recipe/key-lime-muffins-99277,muffin
https://www.food.com/recipe/monster-molasses-muffins-98266,muffin
https://www.food.com/recipe/cranberry-walnut-apple-muffins-97537,muffin
https://www.food.com/recipe/oversized-cheese-and-dill-muffins-97095,muffin
https://www.food.com/recipe/melted-cheese-corn-and-bacon-muffins-95959,muffin
https://www.food.com/recipe/chocolate-zucchini-muffins-95476,muffin
https://www.food.com/recipe/chocolate-chip-muffins-9326,muffin
https://www.food.com/recipe/chocolate-chip-muffins-9326,muffin
https://www.food.com/recipe/apple-muffins-9319,muffin
https://www.food.com/recipe/banana-nut-muffins-91902,muffin
https://www.food.com/recipe/butternut-squash-muffins-with-cranberries-91590,muffin
https://www.food.com/recipe/muffins-that-taste-like-doughnuts-91020,muffin
https://www.food.com/recipe/natural-bran-muffins-90293,muffin
https://www.food.com/recipe/wheat-germ-muffins-whole-foods-89931,muffin
https://www.food.com/recipe/butter-rum-muffins-88763,muffin
https://www.food.com/recipe/applesauce-spice-muffins-87785,muffin
https://www.food.com/recipe/cornmeal-blueberry-wheat-germ-muffins-86963,muffin
https://www.food.com/recipe/oat-bran-muffins-8615,muffin
https://www.food.com/recipe/mandarin-orange-muffins-85075,muffin
https://www.food.com/recipe/mandarin-orange-muffins-85075,muffin
https://www.food.com/recipe/farm-fresh-banana-bran-muffins-84934,muffin
https://www.food.com/recipe/baked-donut-muffins-84829,muffin
https://www.food.com/recipe/apple-and-cheddar-cheese-muffins-84049,muffin
https://www.food.com/recipe/sunday-morning-muffins-83038,muffin
https://www.food.com/recipe/coconut-orange-mini-tea-muffins-81702,muffin
https://www.food.com/recipe/pumpkin-cornmeal-muffins-80705,muffin
https://www.food.com/recipe/cranberry-orange-muffins-78946,muffin
https://www.food.com/recipe/sour-cream-pecan-streusel-muffins-77907,muffin
https://www.food.com/recipe/basic-muffins-75851,muffin
https://www.food.com/recipe/pumpkin-cream-cheese-muffins-74401,muffin
https://www.food.com/recipe/pumpkin-cream-cheese-muffins-74401,muffin
https://www.food.com/recipe/buttertart-muffins-1983-73704,muffin
https://www.food.com/recipe/almond-poppy-seed-muffins-73578,muffin
https://www.food.com/recipe/cappuccino-crunch-bars-73197,muffin
https://www.food.com/recipe/molasses-oatmeal-chocolate-chip-muffins-72830,muffin
https://www.food.com/recipe/apple-raisin-walnut-muffins-71367,muffin
https://www.food.com/recipe/sausage-pizza-muffins-70895,muffin
https://www.food.com/recipe/lemon-raspberry-muffins-6967,muffin
https://www.food.com/recipe/pecan-cinnamon-muffins-6951,muffin
https://www.food.com/recipe/oatmeal-muffins-67919,muffin
https://www.food.com/recipe/corn-cheddar-and-sun-dried-tomato-muffins-66055,muffin
https://www.food.com/recipe/golden-peach-muffins-64744,muffin
https://www.food.com/recipe/golden-peach-muffins-64744,muffin
https://www.food.com/recipe/pms-bars-64653,muffin
https://www.food.com/recipe/peanut-butter-muffins-64456,muffin
https://www.food.com/recipe/whole-wheat-english-muffins-63868,muffin
https://www.food.com/recipe/classic-bran-muffins-63584,muffin
https://www.food.com/recipe/100-whole-wheat-blueberry-muffins-632,muffin
https://www.food.com/recipe/triberry-muffins-62980,muffin
https://www.food.com/recipe/best-ever-banana-muffins-62286,muffin
https://www.food.com/recipe/blueberry-cream-cheese-muffins-61917,muffin
https://www.food.com/recipe/english-muffins-604,muffin
https://www.food.com/recipe/cheddar-onion-muffins-58715,muffin
https://www.food.com/ideas/top-pancake-waffle-recipes-6103,pancake
https://www.food.com/recipe/peanut-butter-feather-pancakes-99817,pancake
https://www.food.com/recipe/buttermilk-buckwheat-pancakes-99018,pancake
https://www.food.com/recipe/mums-scotch-pancakes-9770,pancake
https://www.food.com/recipe/carrot-cake-pancakes-95129,pancake
https://www.food.com/recipe/south-beach-oatmeal-pancake-93019,pancake
https://www.food.com/recipe/leftover-mashed-potato-pancakes-9054,pancake
https://www.food.com/recipe/amaretto-blueberry-pancakes-88519,pancake
https://www.food.com/recipe/favorite-pancakes-84070,pancake
https://www.food.com/recipe/blender-cheese-pancakes-81191,pancake
https://www.food.com/recipe/upside-down-blueberry-pancake-77479,pancake
https://www.food.com/recipe/oatmeal-pancakes-72806,pancake
https://www.food.com/recipe/oatmeal-pancakes-72806,pancake
https://www.food.com/recipe/moms-famous-blueberry-pancakes-72559,pancake
https://www.food.com/recipe/moms-fluffy-pancakes-72333,pancake
https://www.food.com/recipe/rise-and-shine-german-fruit-pancake-71457,pancake
https://www.food.com/recipe/zucchini-parmesan-pancakes-70501,pancake
https://www.food.com/recipe/peachy-pancakes-69033,pancake
https://www.food.com/recipe/whole-wheat-pancakes-66448,pancake
https://www.food.com/recipe/kartoffelpfannkuchen-potato-pancakes-6455,pancake
https://www.food.com/recipe/homemade-pancakes-60755,pancake
https://www.food.com/recipe/popover-oven-pancake-54449,pancake
https://www.food.com/recipe/sourdough-waffle-or-pancake-batter-540021,pancake
https://www.food.com/recipe/holiday-pancakes-537644,pancake
https://www.food.com/recipe/holiday-pancakes-537644,pancake
https://www.food.com/recipe/sugary-almond-flavored-pancakes-537641,pancake
https://www.food.com/recipe/spaghetti-squash-pancakes-537376,pancake
https://www.food.com/recipe/banana-oat-pancakes-537214,pancake
https://www.food.com/recipe/sourdough-pancakes-53568,pancake
https://www.food.com/recipe/caramel-banana-pancakes-534050,pancake
https://www.food.com/recipe/blender-potato-pancakes-53315,pancake
https://www.food.com/recipe/strawberry-pancake-trifle-531030,pancake
https://www.food.com/recipe/protein-pancakes-529887,pancake
https://www.food.com/recipe/flourless-2-ingredient-pancakes-528002,pancake
https://www.food.com/recipe/santa-pancakes-525296,pancake
https://www.food.com/recipe/santa-pancakes-525296,pancake
https://www.food.com/recipe/flourless-pancakes-with-berry-compote-525239,pancake
https://www.food.com/recipe/chia-banana-pancakes-vegan-524553,pancake
https://www.food.com/recipe/kidney-friendly-garlic-potato-pancakes-523800,pancake
https://www.food.com/recipe/gluten-free-pancakes-522061,pancake
https://www.food.com/recipe/pumpkin-pancakes-519059,pancake
https://www.food.com/recipe/perfect-peanut-butter-pancakes-517699,pancake
https://www.food.com/recipe/gluten-free-oven-blueberry-pancakes-516348,pancake
https://www.food.com/recipe/cheese-potato-pancakes-51530,pancake
https://www.food.com/recipe/forevermamas-old-time-pancakes-511662,pancake
https://www.food.com/recipe/chocolate-chip-pancakes-507075,pancake
https://www.food.com/recipe/gluten-free-korean-salmon-and-scallion-pancake-pajeon-504112,pancake
https://www.food.com/recipe/gluten-free-korean-salmon-and-scallion-pancake-pajeon-504112,pancake
https://www.food.com/recipe/kolokythia-krokettes-zucchini-pancakes-503941,pancake
https://www.food.com/recipe/heaving-apple-pancakes-503604,pancake
https://www.food.com/recipe/pannekaken-norwegian-pancakes-503274,pancake
https://www.food.com/recipe/cinnamon-spice-pancakes-with-warm-peach-topping-502969,pancake
https://www.food.com/recipe/banana-bread-pancakes-501841,pancake
https://www.food.com/recipe/pancakes-with-no-baking-powder-500502,pancake
https://www.food.com/recipe/green-oat-pancakes-for-st-patricks-day-from-more-with-less-mom-497574,pancake
https://www.food.com/recipe/butter-pecan-crumble-pancakes-with-homemade-cinnamon-maple-butte-495523,pancake
https://www.food.com/recipe/indian-pancake-syrup-492631,pancake
https://www.food.com/recipe/basic-pancake-mix-48635,pancake
